{
    "name": "root",
    "metadata": {
        "timer_format_version": "0.1.0",
        "start_time_seconds": "1628318674",
        "python_version": "3.8.8 (tags/v3.8.8:024d805, Feb 19 2021, 13:18:16) [MSC v.1928 64 bit (AMD64)]",
        "command_line_arguments": "C:\\Users\\mixal\\AppData\\Local\\Programs\\Python\\Python38\\Scripts\\mlagents-learn --inference --env=E:/CarsML2021-main/mainBuild/CarsML2021-main_Data\\../..//trainingScene/CarsML2021-main --width=1920 --height=1080",
        "mlagents_version": "0.25.0",
        "mlagents_envs_version": "0.25.0",
        "communication_protocol_version": "1.5.0",
        "pytorch_version": "1.7.1+cu110",
        "numpy_version": "1.20.2",
        "end_time_seconds": "1628318695"
    },
    "total": 20.6478855,
    "count": 1,
    "self": 0.24190649999999891,
    "children": {
        "run_training.setup": {
            "total": 0.1071977000000004,
            "count": 1,
            "self": 0.1071977000000004
        },
        "TrainerController.start_learning": {
            "total": 20.2987813,
            "count": 1,
            "self": 0.017786299999976052,
            "children": {
                "TrainerController._reset_env": {
                    "total": 8.327371,
                    "count": 1,
                    "self": 8.327371
                },
                "TrainerController.advance": {
                    "total": 11.953606400000025,
                    "count": 489,
                    "self": 0.005350000000055033,
                    "children": {
                        "env_step": {
                            "total": 11.94825639999997,
                            "count": 489,
                            "self": 10.474551299999947,
                            "children": {
                                "SubprocessEnvManager._take_step": {
                                    "total": 1.467957899999961,
                                    "count": 489,
                                    "self": 0.029421400000003928,
                                    "children": {
                                        "TorchPolicy.evaluate": {
                                            "total": 1.438536499999957,
                                            "count": 487,
                                            "self": 0.4326345999999486,
                                            "children": {
                                                "TorchPolicy.sample_actions": {
                                                    "total": 1.0059019000000085,
                                                    "count": 487,
                                                    "self": 1.0059019000000085
                                                }
                                            }
                                        }
                                    }
                                },
                                "workers": {
                                    "total": 0.005747200000062236,
                                    "count": 488,
                                    "self": 0.0,
                                    "children": {
                                        "worker_root": {
                                            "total": 14.01133709999997,
                                            "count": 488,
                                            "is_parallel": true,
                                            "self": 4.188013699999953,
                                            "children": {
                                                "steps_from_proto": {
                                                    "total": 0.0007333000000002698,
                                                    "count": 1,
                                                    "is_parallel": true,
                                                    "self": 0.00013929999999895415,
                                                    "children": {
                                                        "_process_rank_one_or_two_observation": {
                                                            "total": 0.0005940000000013157,
                                                            "count": 6,
                                                            "is_parallel": true,
                                                            "self": 0.0005940000000013157
                                                        }
                                                    }
                                                },
                                                "UnityEnvironment.step": {
                                                    "total": 9.822590100000017,
                                                    "count": 488,
                                                    "is_parallel": true,
                                                    "self": 0.04236240000004621,
                                                    "children": {
                                                        "UnityEnvironment._generate_step_input": {
                                                            "total": 0.21248539999998783,
                                                            "count": 488,
                                                            "is_parallel": true,
                                                            "self": 0.21248539999998783
                                                        },
                                                        "communicator.exchange": {
                                                            "total": 9.284983699999998,
                                                            "count": 488,
                                                            "is_parallel": true,
                                                            "self": 9.284983699999998
                                                        },
                                                        "steps_from_proto": {
                                                            "total": 0.2827585999999851,
                                                            "count": 488,
                                                            "is_parallel": true,
                                                            "self": 0.06353369999995273,
                                                            "children": {
                                                                "_process_rank_one_or_two_observation": {
                                                                    "total": 0.21922490000003236,
                                                                    "count": 2928,
                                                                    "is_parallel": true,
                                                                    "self": 0.21922490000003236
                                                                }
                                                            }
                                                        }
                                                    }
                                                }
                                            }
                                        }
                                    }
                                }
                            }
                        }
                    }
                },
                "trainer_threads": {
                    "total": 1.759999999961792e-05,
                    "count": 1,
                    "self": 1.759999999961792e-05,
                    "children": {
                        "thread_root": {
                            "total": 0.0,
                            "count": 0,
                            "is_parallel": true,
                            "self": 0.0,