{"count":1,"self":8.2980208,"total":36.7164967,"children":{"InitializeActuators":{"count":5,"self":0.0020001999999999997,"total":0.0020001999999999997,"children":null},"InitializeSensors":{"count":5,"self":0.0030004,"total":0.0030004,"children":null},"AgentSendState":{"count":8526,"self":0.1996094,"total":2.0345729,"children":{"CollectObservations":{"count":8530,"self":0.039009499999999996,"total":0.039009499999999996,"children":null},"WriteActionMask":{"count":8530,"self":0.0370089,"total":0.0370089,"children":null},"RequestDecision":{"count":8530,"self":0.1034319,"total":1.7589450999999998,"children":{"AgentInfo.ToProto":{"count":8530,"self":0.09398179999999999,"total":1.6555132,"children":{"GenerateSensorData":{"count":8530,"self":0.2866455,"total":1.5615314,"children":{"RayPerceptionSensor.Perceive":{"count":17060,"self":1.2748859,"total":1.2748859,"children":null}}}}}}}}},"DecideAction":{"count":8526,"self":26.3183904,"total":26.318390599999997,"children":null},"AgentAct":{"count":8526,"self":0.056510599999999994,"total":0.056510599999999994,"children":null},"AgentInfo.ToProto":{"count":12,"self":0,"total":0.0015003999999999998,"children":{"GenerateSensorData":{"count":12,"self":0,"total":0.0015003999999999998,"children":{"RayPerceptionSensor.Perceive":{"count":24,"self":0.0015003999999999998,"total":0.0015003999999999998,"children":null}}}}}},"gauges":{"CarBrainPPO.CumulativeReward":{"count":12,"max":70.2553253,"min":26.4497147,"runningAverage":48.4129562,"value":45.80084,"weightedAverage":52.97207}},"metadata":{"timer_format_version":"0.1.0","start_time_seconds":"1630947219","unity_version":"2019.4.28f1","command_line_arguments":"E:\/CarsML2021-main\/mainBuild\/CarsML2021-main_Data\\..\/..\/\/trainingScene\/CarsML2021-main.exe --mlagents-port 5006 -logFile E:\\CarsML2021-main\\mainBuild\\results\\6666\\run_logs\\Player-1.log","communication_protocol_version":"1.5.0","com.unity.ml-agents_version":"1.9.0-preview","scene_name":"Training","end_time_seconds":"1630947255"}}