{"count":1,"self":8.5733176,"total":58.7164532,"children":{"InitializeActuators":{"count":10,"self":0.0020012999999999997,"total":0.0020012999999999997,"children":null},"InitializeSensors":{"count":10,"self":0.006006,"total":0.006006,"children":null},"AgentSendState":{"count":11876,"self":4.4094728,"total":8.0258453,"children":{"CollectObservations":{"count":23760,"self":0.19718139999999998,"total":0.19718139999999998,"children":null},"WriteActionMask":{"count":23760,"self":0.097093199999999991,"total":0.097093199999999991,"children":null},"RequestDecision":{"count":23760,"self":0.40068679999999995,"total":3.322098,"children":{"AgentInfo.ToProto":{"count":23760,"self":0.380048,"total":2.9214111999999997,"children":{"GenerateSensorData":{"count":23760,"self":2.0052605999999997,"total":2.5413631999999997,"children":{"RayPerceptionSensor.Perceive":{"count":47520,"self":0.5361026,"total":0.5361026,"children":null}}}}}}}}},"DecideAction":{"count":11876,"self":42.018367999999995,"total":42.0183673,"children":null},"AgentAct":{"count":11876,"self":0.0819159,"total":0.0819159,"children":null},"AgentInfo.ToProto":{"count":58,"self":0.0019933999999999998,"total":0.0079975999999999988,"children":{"GenerateSensorData":{"count":58,"self":0.0060041999999999995,"total":0.0060041999999999995,"children":{"RayPerceptionSensor.Perceive":{"count":116,"self":0,"total":0,"children":null}}}}}},"gauges":{"CarBrainPPO.CumulativeReward":{"count":58,"max":75.33885,"min":24.3146553,"runningAverage":56.62981,"value":64.1298,"weightedAverage":62.88416}},"metadata":{"timer_format_version":"0.1.0","start_time_seconds":"1632421353","unity_version":"2019.4.28f1","command_line_arguments":"E:\/UnityProjects\/GitHub\/CarsML2021-main\/mainBuild\/CarsML2021-main_Data\\..\/..\/\/trainingScene\/CarsML2021-main.exe --mlagents-port 5006 -logFile E:\\UnityProjects\\GitHub\\CarsML2021-main\\mainBuild\\results\\senario1\\run_logs\\Player-1.log","communication_protocol_version":"1.5.0","com.unity.ml-agents_version":"2.1.0-exp.1","scene_name":"Training","end_time_seconds":"1632421412"}}