{"count":1,"self":393.34686719999996,"total":394.41929949999997,"children":{"InitializeActuators":{"count":1,"self":0.0020012999999999997,"total":0.0020012999999999997,"children":null},"InitializeSensors":{"count":1,"self":0.0151708,"total":0.0151708,"children":null},"AgentSendState":{"count":4596,"self":0.1615954,"total":0.1717221,"children":{"CollectObservations":{"count":920,"self":0.0009964,"total":0.0009964,"children":null},"WriteActionMask":{"count":920,"self":0.0039758,"total":0.0039758,"children":null},"RequestDecision":{"count":920,"self":0.0051544999999999994,"total":0.0051544999999999994,"children":null}}},"DecideAction":{"count":4596,"self":0.8687545,"total":0.87853649999999994,"children":{"RayPerceptionSensor.Perceive":{"count":1840,"self":0.009781999999999999,"total":0.009781999999999999,"children":null}}},"AgentAct":{"count":4596,"self":0.0030017999999999998,"total":0.0030017999999999998,"children":null}},"gauges":{"CarBrainSAC.CumulativeReward":{"count":2,"max":924.3159,"min":917.2763,"runningAverage":920.796143,"value":924.3159,"weightedAverage":919.0362}},"metadata":{"timer_format_version":"0.1.0","start_time_seconds":"1632500614","unity_version":"2019.4.28f1","command_line_arguments":"CarsML2021-main.exe --mlagents-override-model CarBrainSAC E:\\UnityProjects\\GitHub\\CarsML2021-main\\mainBuild\/results\/pposac2\\CarBrainSAC.onnx CarBrainPPO none","communication_protocol_version":"1.5.0","com.unity.ml-agents_version":"2.1.0-exp.1","scene_name":"Training","end_time_seconds":"1632501008"}}