{
    "name": "root",
    "gauges": {
        "CarBrainPPO.Policy.Entropy.mean": {
            "value": 1.4026405811309814,
            "min": 1.4026405811309814,
            "max": 1.4199883937835693,
            "count": 26
        },
        "CarBrainPPO.Policy.Entropy.sum": {
            "value": 14131.603515625,
            "min": 13636.728515625,
            "max": 15551.564453125,
            "count": 26
        },
        "CarBrainPPO.Environment.EpisodeLength.mean": {
            "value": 476.5,
            "min": 219.93617021276594,
            "max": 609.1764705882352,
            "count": 26
        },
        "CarBrainPPO.Environment.EpisodeLength.sum": {
            "value": 10483.0,
            "min": 6432.0,
            "max": 12077.0,
            "count": 26
        },
        "CarBrainPPO.Policy.ExtrinsicValueEstimate.mean": {
            "value": 40.85919189453125,
            "min": 0.08204421401023865,
            "max": 42.58124542236328,
            "count": 26
        },
        "CarBrainPPO.Policy.ExtrinsicValueEstimate.sum": {
            "value": 3636.468017578125,
            "min": 6.973758220672607,
            "max": 3704.568359375,
            "count": 26
        },
        "CarBrainPPO.Environment.CumulativeReward.mean": {
            "value": 215.3930422826247,
            "min": 50.28933805685777,
            "max": 225.33766776673934,
            "count": 26
        },
        "CarBrainPPO.Environment.CumulativeReward.sum": {
            "value": 4738.646930217743,
            "min": 653.761394739151,
            "max": 4851.733610391617,
            "count": 26
        },
        "CarBrainPPO.Policy.ExtrinsicReward.mean": {
            "value": 215.3930422826247,
            "min": 50.28933805685777,
            "max": 225.33766776673934,
            "count": 26
        },
        "CarBrainPPO.Policy.ExtrinsicReward.sum": {
            "value": 4738.646930217743,
            "min": 653.761394739151,
            "max": 4851.733610391617,
            "count": 26
        },
        "CarBrainPPO.IsTraining.mean": {
            "value": 1.0,
            "min": 1.0,
            "max": 1.0,
            "count": 26
        },
        "CarBrainPPO.IsTraining.sum": {
            "value": 1.0,
            "min": 1.0,
            "max": 1.0,
            "count": 26
        },
        "CarBrainSAC.Policy.Entropy.mean": {
            "value": 0.5527009963989258,
            "min": 0.5498890280723572,
            "max": 1.2826348543167114,
            "count": 26
        },
        "CarBrainSAC.Policy.Entropy.sum": {
            "value": 5560.171875,
            "min": 5355.9189453125,
            "max": 14314.205078125,
            "count": 26
        },
        "CarBrainSAC.Environment.EpisodeLength.mean": {
            "value": 1117.6,
            "min": 89.99047619047619,
            "max": 1117.6,
            "count": 26
        },
        "CarBrainSAC.Environment.EpisodeLength.sum": {
            "value": 5588.0,
            "min": 4188.0,
            "max": 14692.0,
            "count": 26
        },
        "CarBrainSAC.Policy.ExtrinsicValue.mean": {
            "value": 161.68931579589844,
            "min": 6.938588619232178,
            "max": 161.68931579589844,
            "count": 26
        },
        "CarBrainSAC.Policy.ExtrinsicValue.sum": {
            "value": 13096.833984375,
            "min": 957.5252075195312,
            "max": 13096.833984375,
            "count": 26
        },
        "CarBrainSAC.Environment.CumulativeReward.mean": {
            "value": 2656.0518854141237,
            "min": 49.3860771769569,
            "max": 2656.0518854141237,
            "count": 26
        },
        "CarBrainSAC.Environment.CumulativeReward.sum": {
            "value": 13280.259427070618,
            "min": 1192.6559949666262,
            "max": 33809.478063583374,
            "count": 26
        },
        "CarBrainSAC.Policy.ExtrinsicReward.mean": {
            "value": 2656.0518854141237,
            "min": 49.3860771769569,
            "max": 2656.0518854141237,
            "count": 26
        },
        "CarBrainSAC.Policy.ExtrinsicReward.sum": {
            "value": 13280.259427070618,
            "min": 1192.6559949666262,
            "max": 33809.478063583374,
            "count": 26
        },
        "CarBrainSAC.Losses.PolicyLoss.mean": {
            "value": -163.22559670656383,
            "min": -163.22559670656383,
            "max": -6.372988830697538,
            "count": 26
        },
        "CarBrainSAC.Losses.PolicyLoss.sum": {
            "value": -328899.5773637261,
            "min": -328899.5773637261,
            "max": -11388.5310404565,
            "count": 26
        },
        "CarBrainSAC.Losses.ValueLoss.mean": {
            "value": 1.8861085701680003,
            "min": 0.1666646098896221,
            "max": 2.832198448043001,
            "count": 26
        },
        "CarBrainSAC.Losses.ValueLoss.sum": {
            "value": 3800.5087688885205,
            "min": 297.8296578727547,
            "max": 5658.732499189916,
            "count": 26
        },
        "CarBrainSAC.Losses.Q1Loss.mean": {
            "value": 10.007057808827442,
            "min": 1.230562255167519,
            "max": 19.468374584668226,
            "count": 26
        },
        "CarBrainSAC.Losses.Q1Loss.sum": {
            "value": 20164.221484787297,
            "min": 2466.046759355708,
            "max": 38781.00217265911,
            "count": 26
        },
        "CarBrainSAC.Losses.Q2Loss.mean": {
            "value": 10.037702880057424,
            "min": 1.2384316577595327,
            "max": 19.68672789267938,
            "count": 26
        },
        "CarBrainSAC.Losses.Q2Loss.sum": {
            "value": 20225.97130331571,
            "min": 2481.8170421501036,
            "max": 39215.96196221732,
            "count": 26
        },
        "CarBrainSAC.Policy.ContinuousEntropyCoeff.mean": {
            "value": 0.33282854546718144,
            "min": 0.12530372160570424,
            "max": 0.917162341048587,
            "count": 26
        },
        "CarBrainSAC.Policy.ContinuousEntropyCoeff.sum": {
            "value": 670.6495191163706,
            "min": 250.1062283249857,
            "max": 1638.9691034538248,
            "count": 26
        },
        "CarBrainSAC.Policy.LearningRate.mean": {
            "value": 9.974499629371364e-05,
            "min": 9.974499629371364e-05,
            "max": 9.999446374644282e-05,
            "count": 26
        },
        "CarBrainSAC.Policy.LearningRate.sum": {
            "value": 0.200986167531833,
            "min": 0.17869010671489333,
            "max": 0.2023292345807655,
            "count": 26
        },
        "CarBrainSAC.IsTraining.mean": {
            "value": 1.0,
            "min": 1.0,
            "max": 1.0,
            "count": 26
        },
        "CarBrainSAC.IsTraining.sum": {
            "value": 1.0,
            "min": 1.0,
            "max": 1.0,
            "count": 26
        },
        "CarBrainPPO.Losses.PolicyLoss.mean": {
            "value": 0.0303942033322528,
            "min": 0.019413363204027215,
            "max": 0.0303942033322528,
            "count": 25
        },
        "CarBrainPPO.Losses.PolicyLoss.sum": {
            "value": 0.0303942033322528,
            "min": 0.019413363204027215,
            "max": 0.0303942033322528,
            "count": 25
        },
        "CarBrainPPO.Losses.ValueLoss.mean": {
            "value": 320.52142130533855,
            "min": 9.119355742136637,
            "max": 320.52142130533855,
            "count": 25
        },
        "CarBrainPPO.Losses.ValueLoss.sum": {
            "value": 320.52142130533855,
            "min": 9.119355742136637,
            "max": 320.52142130533855,
            "count": 25
        },
        "CarBrainPPO.Policy.LearningRate.mean": {
            "value": 9.974266525733504e-05,
            "min": 9.974266525733504e-05,