{"blockPosition":{"x":10.859611511230469,"y":-96.24474334716797,"z":-1.5406131744384766},"blockRotation":{"x":-0.7071068286895752,"y":0.0,"z":0.0,"w":0.7071068286895752},"name":"RoadBlock_Straight"}
{"blockPosition":{"x":10.859611511230469,"y":-96.24474334716797,"z":8.459386825561524},"blockRotation":{"x":-0.7071068286895752,"y":0.0,"z":0.0,"w":0.7071068286895752},"name":"RoadBlock_Straight"}
{"blockPosition":{"x":10.859611511230469,"y":-96.24474334716797,"z":18.459386825561525},"blockRotation":{"x":-0.7071068286895752,"y":0.0,"z":0.0,"w":0.7071068286895752},"name":"RoadBlock_Straight"}
{"blockPosition":{"x":10.859611511230469,"y":-96.24474334716797,"z":28.459386825561525},"blockRotation":{"x":-0.7071068286895752,"y":0.0,"z":0.0,"w":0.7071068286895752},"name":"RoadBlock_Straight"}
{"blockPosition":{"x":10.859611511230469,"y":-96.24474334716797,"z":38.459388732910159},"blockRotation":{"x":-0.7071068286895752,"y":0.0,"z":0.0,"w":0.7071068286895752},"name":"RoadBlock_Straight"}
{"blockPosition":{"x":10.859611511230469,"y":-96.24474334716797,"z":48.459388732910159},"blockRotation":{"x":-0.7071068286895752,"y":0.0,"z":0.0,"w":0.7071068286895752},"name":"RoadBlock_Straight"}
{"blockPosition":{"x":10.859611511230469,"y":-96.24474334716797,"z":58.459388732910159},"blockRotation":{"x":0.0,"y":0.7071068286895752,"z":0.7071068286895752,"w":0.0},"name":"RoadBlock_BigCurve"}
{"blockPosition":{"x":30.85961151123047,"y":-96.24474334716797,"z":68.45938873291016},"blockRotation":{"x":0.5,"y":0.5,"z":0.5,"w":-0.5},"name":"RoadBlock_BigCurve"}
{"blockPosition":{"x":50.85961151123047,"y":-96.24474334716797,"z":38.459388732910159},"blockRotation":{"x":-0.5,"y":0.5,"z":0.5,"w":0.5},"name":"RoadBlock_BigCurve"}
{"blockPosition":{"x":60.85961151123047,"y":-96.24474334716797,"z":38.459388732910159},"blockRotation":{"x":0.5,"y":0.5,"z":0.5,"w":-0.5},"name":"RoadBlock_BigCurve"}
{"blockPosition":{"x":70.85961151123047,"y":-96.24474334716797,"z":18.459386825561525},"blockRotation":{"x":0.7071068286895752,"y":0.0,"z":0.0,"w":-0.7071068286895752},"name":"RoadBlock_BigCurve"}
{"blockPosition":{"x":40.85961151123047,"y":-96.24474334716797,"z":-1.5406131744384766},"blockRotation":{"x":0.0,"y":0.7071068286895752,"z":0.7071068286895752,"w":0.0},"name":"RoadBlock_BigCurve"}
{"blockPosition":{"x":40.85961151123047,"y":-96.24474334716797,"z":-11.540613174438477},"blockRotation":{"x":0.7071068286895752,"y":0.0,"z":0.0,"w":-0.7071068286895752},"name":"RoadBlock_BigCurve"}
{"blockPosition":{"x":20.85961151123047,"y":-96.24474334716797,"z":-21.540613174438478},"blockRotation":{"x":0.5,"y":-0.5,"z":-0.5,"w":-0.5},"name":"RoadBlock_BigCurve"}
