{"blockPosition":{"x":20.85961151123047,"y":-96.24474334716797,"z":3.4593868255615236},"blockRotation":{"x":-0.7071068286895752,"y":0.0,"z":0.0,"w":0.7071068286895752},"name":"RoadBlock_Straight"}
{"blockPosition":{"x":20.85961151123047,"y":-96.24474334716797,"z":13.459386825561524},"blockRotation":{"x":-0.7071068286895752,"y":0.0,"z":0.0,"w":0.7071068286895752},"name":"RoadBlock_Straight"}
{"blockPosition":{"x":20.85961151123047,"y":-96.24474334716797,"z":23.459386825561525},"blockRotation":{"x":-0.7071068286895752,"y":0.0,"z":0.0,"w":0.7071068286895752},"name":"RoadBlock_Straight"}
{"blockPosition":{"x":20.85961151123047,"y":-96.24474334716797,"z":33.459388732910159},"blockRotation":{"x":-0.7071068286895752,"y":0.0,"z":0.0,"w":0.7071068286895752},"name":"RoadBlock_Straight"}
{"blockPosition":{"x":20.85961151123047,"y":-96.24474334716797,"z":43.459388732910159},"blockRotation":{"x":-0.7071068286895752,"y":0.0,"z":0.0,"w":0.7071068286895752},"name":"RoadBlock_Straight"}
{"blockPosition":{"x":20.85961151123047,"y":-96.24474334716797,"z":53.459388732910159},"blockRotation":{"x":-0.7071068286895752,"y":0.0,"z":0.0,"w":0.7071068286895752},"name":"RoadBlock_Straight"}
{"blockPosition":{"x":20.85961151123047,"y":-96.24474334716797,"z":63.459388732910159},"blockRotation":{"x":0.0,"y":0.7071068286895752,"z":0.7071068286895752,"w":0.0},"name":"RoadBlock_SmallCurve"}
{"blockPosition":{"x":30.85961151123047,"y":-96.24474334716797,"z":63.459388732910159},"blockRotation":{"x":0.5,"y":0.5,"z":0.5,"w":-0.5},"name":"RoadBlock_SmallCurve"}
{"blockPosition":{"x":20.85961151123047,"y":-96.24474334716797,"z":-6.540613174438477},"blockRotation":{"x":0.5,"y":-0.5,"z":-0.5,"w":-0.5},"name":"RoadBlock_SmallCurve"}
{"blockPosition":{"x":30.85961151123047,"y":-96.24474334716797,"z":-6.540613174438477},"blockRotation":{"x":0.7071068286895752,"y":0.0,"z":0.0,"w":-0.7071068286895752},"name":"RoadBlock_SmallCurve"}
{"blockPosition":{"x":30.85961151123047,"y":-96.24474334716797,"z":53.459388732910159},"blockRotation":{"x":-0.7071068286895752,"y":0.0,"z":0.0,"w":0.7071068286895752},"name":"RoadBlock_Straight"}
{"blockPosition":{"x":30.85961151123047,"y":-96.24474334716797,"z":43.459388732910159},"blockRotation":{"x":-0.7071068286895752,"y":0.0,"z":0.0,"w":0.7071068286895752},"name":"RoadBlock_Straight"}
{"blockPosition":{"x":30.85961151123047,"y":-96.24474334716797,"z":33.459388732910159},"blockRotation":{"x":-0.7071068286895752,"y":0.0,"z":0.0,"w":0.7071068286895752},"name":"RoadBlock_Straight"}
{"blockPosition":{"x":30.85961151123047,"y":-96.24474334716797,"z":23.459386825561525},"blockRotation":{"x":-0.7071068286895752,"y":0.0,"z":0.0,"w":0.7071068286895752},"name":"RoadBlock_Straight"}
{"blockPosition":{"x":30.85961151123047,"y":-96.24474334716797,"z":13.459386825561524},"blockRotation":{"x":-0.7071068286895752,"y":0.0,"z":0.0,"w":0.7071068286895752},"name":"RoadBlock_Straight"}
{"blockPosition":{"x":30.85961151123047,"y":-96.24474334716797,"z":3.4593868255615236},"blockRotation":{"x":-0.7071068286895752,"y":0.0,"z":0.0,"w":0.7071068286895752},"name":"RoadBlock_Straight"}
