{
    "name": "root",
    "metadata": {
        "timer_format_version": "0.1.0",
        "start_time_seconds": "1628758142",
        "python_version": "3.8.8 (tags/v3.8.8:024d805, Feb 19 2021, 13:18:16) [MSC v.1928 64 bit (AMD64)]",
        "command_line_arguments": "C:\\Users\\mixal\\AppData\\Local\\Programs\\Python\\Python38\\Scripts\\mlagents-learn E:/CarsML2021-main/mainBuild/CarsML2021-main_Data\\..//config/trainer_config.yaml --time-scale=2 --run-id=8 --env=E:/CarsML2021-main/mainBuild/CarsML2021-main_Data\\../..//trainingScene/CarsML2021-main --width=1920 --height=1080",
        "mlagents_version": "0.25.0",
        "mlagents_envs_version": "0.25.0",
        "communication_protocol_version": "1.5.0",
        "pytorch_version": "1.7.1+cu110",
        "numpy_version": "1.20.2",
        "end_time_seconds": "1628758178"
    },
    "total": 36.299673,
    "count": 1,
    "self": 0.008153799999995215,
    "children": {
        "run_training.setup": {
            "total": 0.09120060000000008,
            "count": 1,
            "self": 0.09120060000000008
        },
        "TrainerController.start_learning": {
            "total": 36.2003186,
            "count": 1,
            "self": 0.014960100000010357,
            "children": {
                "TrainerController._reset_env": {
                    "total": 5.5907160000000005,
                    "count": 1,
                    "self": 5.5907160000000005
                },
                "TrainerController.advance": {
                    "total": 30.298197899999987,
                    "count": 751,
                    "self": 0.011675100000093863,
                    "children": {
                        "env_step": {
                            "total": 29.622020999999926,
                            "count": 751,
                            "self": 27.89915099999993,
                            "children": {
                                "SubprocessEnvManager._take_step": {
                                    "total": 1.7140968000000276,
                                    "count": 751,
                                    "self": 0.04485750000001332,
                                    "children": {
                                        "TorchPolicy.evaluate": {
                                            "total": 1.6692393000000143,
                                            "count": 741,
                                            "self": 0.4827306,
                                            "children": {
                                                "TorchPolicy.sample_actions": {
                                                    "total": 1.1865087000000143,
                                                    "count": 741,
                                                    "self": 1.1865087000000143
                                                }
                                            }
                                        }
                                    }
                                },
                                "workers": {
                                    "total": 0.008773199999969172,
                                    "count": 750,
                                    "self": 0.0,
                                    "children": {
                                        "worker_root": {
                                            "total": 31.479013500000008,
                                            "count": 750,
                                            "is_parallel": true,
                                            "self": 4.4596031999999965,
                                            "children": {
                                                "steps_from_proto": {
                                                    "total": 0.0006165000000004639,
                                                    "count": 1,
                                                    "is_parallel": true,
                                                    "self": 0.00014050000000054297,
                                                    "children": {
                                                        "_process_rank_one_or_two_observation": {
                                                            "total": 0.00047599999999992093,
                                                            "count": 6,
                                                            "is_parallel": true,
                                                            "self": 0.00047599999999992093
                                                        }
                                                    }
                                                },
                                                "UnityEnvironment.step": {
                                                    "total": 27.01879380000001,
                                                    "count": 750,
                                                    "is_parallel": true,
                                                    "self": 0.06171390000005417,
                                                    "children": {
                                                        "UnityEnvironment._generate_step_input": {
                                                            "total": 0.3085749000000382,
                                                            "count": 750,
                                                            "is_parallel": true,
                                                            "self": 0.3085749000000382
                                                        },
                                                        "communicator.exchange": {
                                                            "total": 26.239435699999973,
                                                            "count": 750,
                                                            "is_parallel": true,
                                                            "self": 26.239435699999973
                                                        },
                                                        "steps_from_proto": {
                                                            "total": 0.40906929999994635,
                                                            "count": 750,
                                                            "is_parallel": true,
                                                            "self": 0.09631569999978229,
                                                            "children": {
                                                                "_process_rank_one_or_two_observation": {
                                                                    "total": 0.31275360000016406,
                                                                    "count": 4500,
                                                                    "is_parallel": true,
                                                                    "self": 0.31275360000016406
                                                                }
                                                            }
                                                        }
                                                    }
                                                }
                                            }
                                        }
                                    }
                                }
                            }
                        },
                        "trainer_advance": {
                            "total": 0.6645017999999672,
                            "count": 750,
                            "self": 0.01604670000003683,
                            "children": {
                                "process_trajectory": {
                                    "total": 0.6484550999999303,
                                    "count": 750,