{
    "name": "root",
    "metadata": {
        "timer_format_version": "0.1.0",
        "start_time_seconds": "1628674085",
        "python_version": "3.8.8 (tags/v3.8.8:024d805, Feb 19 2021, 13:18:16) [MSC v.1928 64 bit (AMD64)]",
        "command_line_arguments": "C:\\Users\\mixal\\AppData\\Local\\Programs\\Python\\Python38\\Scripts\\mlagents-learn E:/CarsML2021-main/mainBuild/CarsML2021-main_Data\\..//config/trainer_config.yaml --time-scale=10 --run-id=1 --env=E:/CarsML2021-main/mainBuild/CarsML2021-main_Data\\../..//trainingScene/CarsML2021-main --width=1920 --height=1080",
        "mlagents_version": "0.25.0",
        "mlagents_envs_version": "0.25.0",
        "communication_protocol_version": "1.5.0",
        "pytorch_version": "1.7.1+cu110",
        "numpy_version": "1.20.2",
        "end_time_seconds": "1628674112"
    },
    "total": 27.244540100000002,
    "count": 1,
    "self": 0.008159400000003814,
    "children": {
        "run_training.setup": {
            "total": 0.10005780000000009,
            "count": 1,
            "self": 0.10005780000000009
        },
        "TrainerController.start_learning": {
            "total": 27.1363229,
            "count": 1,
            "self": 0.014526700000001114,
            "children": {
                "TrainerController._reset_env": {
                    "total": 6.494284,
                    "count": 1,
                    "self": 6.494284
                },
                "TrainerController.advance": {
                    "total": 20.267182,
                    "count": 720,
                    "self": 0.013346399999996095,
                    "children": {
                        "env_step": {
                            "total": 19.45311180000005,
                            "count": 720,
                            "self": 16.169704499999987,
                            "children": {
                                "SubprocessEnvManager._take_step": {
                                    "total": 3.274476200000004,
                                    "count": 720,
                                    "self": 0.05675930000000573,
                                    "children": {
                                        "TorchPolicy.evaluate": {
                                            "total": 3.2177168999999983,
                                            "count": 716,
                                            "self": 1.84444969999993,
                                            "children": {
                                                "TorchPolicy.sample_actions": {
                                                    "total": 1.3732672000000683,
                                                    "count": 716,
                                                    "self": 1.3732672000000683
                                                }
                                            }
                                        }
                                    }
                                },
                                "workers": {
                                    "total": 0.008931100000054926,
                                    "count": 719,
                                    "self": 0.0,
                                    "children": {
                                        "worker_root": {
                                            "total": 21.96449369999998,
                                            "count": 719,
                                            "is_parallel": true,
                                            "self": 6.780792799999999,
                                            "children": {
                                                "steps_from_proto": {
                                                    "total": 0.0006111999999998119,
                                                    "count": 1,
                                                    "is_parallel": true,
                                                    "self": 0.00013429999999914344,
                                                    "children": {
                                                        "_process_rank_one_or_two_observation": {
                                                            "total": 0.00047690000000066846,
                                                            "count": 6,
                                                            "is_parallel": true,
                                                            "self": 0.00047690000000066846
                                                        }
                                                    }
                                                },
                                                "UnityEnvironment.step": {
                                                    "total": 15.183089699999982,
                                                    "count": 719,
                                                    "is_parallel": true,
                                                    "self": 0.07157140000006734,
                                                    "children": {
                                                        "UnityEnvironment._generate_step_input": {
                                                            "total": 0.3405352999999369,
                                                            "count": 719,
                                                            "is_parallel": true,
                                                            "self": 0.3405352999999369
                                                        },
                                                        "communicator.exchange": {
                                                            "total": 14.337918499999983,
                                                            "count": 719,
                                                            "is_parallel": true,
                                                            "self": 14.337918499999983
                                                        },
                                                        "steps_from_proto": {
                                                            "total": 0.4330644999999942,
                                                            "count": 719,
                                                            "is_parallel": true,
                                                            "self": 0.10344150000000862,
                                                            "children": {
                                                                "_process_rank_one_or_two_observation": {
                                                                    "total": 0.32962299999998557,
                                                                    "count": 4314,
                                                                    "is_parallel": true,
                                                                    "self": 0.32962299999998557
                                                                }
                                                            }
                                                        }
                                                    }
                                                }
                                            }
                                        }
                                    }
                                }
                            }
                        },
                        "trainer_advance": {
                            "total": 0.8007237999999557,
                            "count": 719,
                            "self": 0.016454899999974515,
                            "children": {
                                "process_trajectory": {
                                    "total": 0.7842688999999812,
                                    "count": 719,