{
    "name": "root",
    "gauges": {
        "CarBrainPPO.Policy.Entropy.mean": {
            "value": 1.2161190509796143,
            "min": 1.2161190509796143,
            "max": 1.421230435371399,
            "count": 210
        },
        "CarBrainPPO.Policy.Entropy.sum": {
            "value": 12236.58984375,
            "min": 11837.47265625,
            "max": 14903.109375,
            "count": 210
        },
        "CarBrainPPO.Policy.ExtrinsicValueEstimate.mean": {
            "value": 182.62551879882812,
            "min": -0.0245983824133873,
            "max": 182.62551879882812,
            "count": 210
        },
        "CarBrainPPO.Policy.ExtrinsicValueEstimate.sum": {
            "value": 14244.7900390625,
            "min": -2.1154608726501465,
            "max": 14404.7744140625,
            "count": 210
        },
        "CarBrainPPO.Environment.EpisodeLength.mean": {
            "value": 26614.0,
            "min": 238.0952380952381,
            "max": 121593.0,
            "count": 94
        },
        "CarBrainPPO.Environment.EpisodeLength.sum": {
            "value": 26614.0,
            "min": 834.0,
            "max": 265349.0,
            "count": 94
        },
        "CarBrainPPO.Environment.CumulativeReward.mean": {
            "value": 48254.01525878906,
            "min": 49.642704524993896,
            "max": 215468.7024230957,
            "count": 94
        },
        "CarBrainPPO.Environment.CumulativeReward.sum": {
            "value": 48254.01525878906,
            "min": 723.9947986602783,
            "max": 458100.8506240845,
            "count": 94
        },
        "CarBrainPPO.Policy.ExtrinsicReward.mean": {
            "value": 48254.01525878906,
            "min": 49.642704524993896,
            "max": 215468.7024230957,
            "count": 94
        },
        "CarBrainPPO.Policy.ExtrinsicReward.sum": {
            "value": 48254.01525878906,
            "min": 723.9947986602783,
            "max": 458100.8506240845,
            "count": 94
        },
        "CarBrainPPO.IsTraining.mean": {
            "value": 1.0,
            "min": 1.0,
            "max": 1.0,
            "count": 210
        },
        "CarBrainPPO.IsTraining.sum": {
            "value": 1.0,
            "min": 1.0,
            "max": 1.0,
            "count": 210
        },
        "CarBrainPPO.Losses.PolicyLoss.mean": {
            "value": 0.016324459621682764,
            "min": 0.010938162421807647,
            "max": 0.025488160252571106,
            "count": 102
        },
        "CarBrainPPO.Losses.PolicyLoss.sum": {
            "value": 0.016324459621682764,
            "min": 0.010938162421807647,
            "max": 0.025488160252571106,
            "count": 102
        },
        "CarBrainPPO.Losses.ValueLoss.mean": {
            "value": 8.537202863693237,
            "min": 7.008199548721313,
            "max": 115.28480194091797,
            "count": 102
        },
        "CarBrainPPO.Losses.ValueLoss.sum": {
            "value": 8.537202863693237,
            "min": 7.008199548721313,
            "max": 115.28480194091797,
            "count": 102
        },
        "CarBrainPPO.Policy.LearningRate.mean": {
            "value": 9.790146109854103e-05,
            "min": 9.790146109854103e-05,
            "max": 9.9979504020496e-05,
            "count": 102
        },
        "CarBrainPPO.Policy.LearningRate.sum": {
            "value": 9.790146109854103e-05,
            "min": 9.790146109854103e-05,
            "max": 9.9979504020496e-05,
            "count": 102
        },
        "CarBrainPPO.Policy.Epsilon.mean": {
            "value": 0.09999999999999998,
            "min": 0.09999999999999998,
            "max": 0.09999999999999998,
            "count": 102
        },
        "CarBrainPPO.Policy.Epsilon.sum": {
            "value": 0.09999999999999998,
            "min": 0.09999999999999998,
            "max": 0.09999999999999998,
            "count": 102
        },
        "CarBrainPPO.Policy.Beta.mean": {
            "value": 0.009790355754099998,
            "min": 0.009790355754099998,
            "max": 0.0099979524496,
            "count": 102
        },
        "CarBrainPPO.Policy.Beta.sum": {
            "value": 0.009790355754099998,
            "min": 0.009790355754099998,
            "max": 0.0099979524496,
            "count": 102
        }
    },
    "metadata": {
        "timer_format_version": "0.1.0",
        "start_time_seconds": "1628242923",
        "python_version": "3.8.8 (tags/v3.8.8:024d805, Feb 19 2021, 13:18:16) [MSC v.1928 64 bit (AMD64)]",
        "command_line_arguments": "C:\\Users\\mixal\\AppData\\Local\\Programs\\Python\\Python38\\Scripts\\mlagents-learn E:/CarsML2021-main/mainBuild/CarsML2021-main_Data\\..//config/trainer_config.yaml --time-scale=30 --run-id=6 --env=E:/CarsML2021-main/mainBuild/CarsML2021-main_Data\\../..//trainingScene/CarsML2021-main --width=1920 --height=1080",
        "mlagents_version": "0.25.0",
        "mlagents_envs_version": "0.25.0",
        "communication_protocol_version": "1.5.0",
        "pytorch_version": "1.7.1+cu110",
        "numpy_version": "1.20.2",
        "end_time_seconds": "1628250915"
    },
    "total": 7991.6423540999995,
    "count": 1,
    "self": 0.008691599999110622,
    "children": {
        "run_training.setup": {
            "total": 0.09016219999999997,
            "count": 1,
            "self": 0.09016219999999997
        },
        "TrainerController.start_learning": {
            "total": 7991.5435003,
            "count": 1,
            "self": 4.807039600002099,
            "children": {
                "TrainerController._reset_env": {
                    "total": 5.796817000000001,
                    "count": 1,
                    "self": 5.796817000000001
                },
                "TrainerController.advance": {
                    "total": 7980.397977299997,
                    "count": 235063,
                    "self": 4.504984799867088,
                    "children": {
                        "env_step": {
                            "total": 6365.566105300034,
                            "count": 235063,
                            "self": 5260.946572600122,
                            "children": {
                                "SubprocessEnvManager._take_step": {
                                    "total": 1101.2737782000702,
                                    "count": 235063,
                                    "self": 19.070678800114138,
                                    "children": {
                                        "TorchPolicy.evaluate": {
                                            "total": 1082.203099399956,
                                            "count": 233796,
                                            "self": 749.9570515000321,
                                            "children": {
                                                "TorchPolicy.sample_actions": {
                                                    "total": 332.24604789992395,
                                                    "count": 233796,
                                                    "self": 332.24604789992395
                                                }
                                            }
                                        }
                                    }
                                },
                                "workers": {
                                    "total": 3.3457544998423234,
                                    "count": 235062,
                                    "self": 0.0,
                                    "children": {
                                        "worker_root": {
                                            "total": 7978.615589799968,
                                            "count": 235062,
                                            "is_parallel": true,