{
    "name": "root",
    "gauges": {
        "CarBrainPPO.Policy.Entropy.mean": {
            "value": 3.160379648208618,
            "min": 1.4206494092941284,
            "max": 3.160379648208618,
            "count": 4487
        },
        "CarBrainPPO.Policy.Entropy.sum": {
            "value": 31319.361328125,
            "min": 13585.044921875,
            "max": 34367.88671875,
            "count": 4487
        },
        "CarBrainPPO.Policy.ExtrinsicValueEstimate.mean": {
            "value": 846.8925170898438,
            "min": -0.3826603591442108,
            "max": 1012.9780883789062,
            "count": 4487
        },
        "CarBrainPPO.Policy.ExtrinsicValueEstimate.sum": {
            "value": 70292.078125,
            "min": -29.84750747680664,
            "max": 93757.59375,
            "count": 4487
        },
        "CarBrainPPO.IsTraining.mean": {
            "value": 1.0,
            "min": 1.0,
            "max": 1.0,
            "count": 4487
        },
        "CarBrainPPO.IsTraining.sum": {
            "value": 1.0,
            "min": 1.0,
            "max": 1.0,
            "count": 4487
        },
        "CarBrainPPO.Losses.PolicyLoss.mean": {
            "value": 0.026355918093274037,
            "min": 0.010678028780966997,
            "max": 0.035979048255831,
            "count": 4353
        },
        "CarBrainPPO.Losses.PolicyLoss.sum": {
            "value": 0.026355918093274037,
            "min": 0.010678028780966997,
            "max": 0.035979048255831,
            "count": 4353
        },
        "CarBrainPPO.Losses.ValueLoss.mean": {
            "value": 6593.012027994791,
            "min": 2.8829295418479224,
            "max": 17774.43544921875,
            "count": 4353
        },
        "CarBrainPPO.Losses.ValueLoss.sum": {
            "value": 6593.012027994791,
            "min": 2.8829295418479224,
            "max": 17774.43544921875,
            "count": 4353
        },
        "CarBrainPPO.Policy.LearningRate.mean": {
            "value": 5.513743386261101e-05,
            "min": 5.513743386261101e-05,
            "max": 9.998848001152001e-05,
            "count": 4353
        },
        "CarBrainPPO.Policy.LearningRate.sum": {
            "value": 5.513743386261101e-05,
            "min": 5.513743386261101e-05,
            "max": 9.998848001152001e-05,
            "count": 4353
        },
        "CarBrainPPO.Policy.Epsilon.mean": {
            "value": 0.10000000000000003,
            "min": 0.1,
            "max": 0.10000000000000003,
            "count": 4353
        },
        "CarBrainPPO.Policy.Epsilon.sum": {
            "value": 0.10000000000000003,
            "min": 0.1,
            "max": 0.10000000000000003,
            "count": 4353
        },
        "CarBrainPPO.Policy.Beta.mean": {
            "value": 0.005518225161100002,
            "min": 0.005518225161100002,
            "max": 0.009998849152,
            "count": 4353
        },
        "CarBrainPPO.Policy.Beta.sum": {
            "value": 0.005518225161100002,
            "min": 0.005518225161100002,
            "max": 0.009998849152,
            "count": 4353
        },
        "CarBrainPPO.Environment.EpisodeLength.mean": {
            "value": 984.5454545454545,
            "min": 377.1666666666667,
            "max": 2064.25,
            "count": 4486
        },
        "CarBrainPPO.Environment.EpisodeLength.sum": {
            "value": 10830.0,
            "min": 1240.0,
            "max": 22885.0,
            "count": 4486
        },
        "CarBrainPPO.Environment.CumulativeReward.mean": {
            "value": 912.2413143664598,
            "min": 31.501868120498127,
            "max": 955.2190181992271,
            "count": 4486
        },
        "CarBrainPPO.Environment.CumulativeReward.sum": {
            "value": 9122.413143664598,
            "min": 120.50955605506897,
            "max": 20082.636436462402,
            "count": 4486
        },
        "CarBrainPPO.Policy.ExtrinsicReward.mean": {
            "value": 912.2413143664598,
            "min": 31.501868120498127,
            "max": 955.2190181992271,
            "count": 4486
        },
        "CarBrainPPO.Policy.ExtrinsicReward.sum": {
            "value": 9122.413143664598,
            "min": 120.50955605506897,
            "max": 20082.636436462402,
            "count": 4486
        }
    },
    "metadata": {
        "timer_format_version": "0.1.0",
        "start_time_seconds": "1632630398",
        "python_version": "3.9.6 (tags/v3.9.6:db3ff76, Jun 28 2021, 15:26:21) [MSC v.1929 64 bit (AMD64)]",
        "command_line_arguments": "C:\\Users\\Nora\\AppData\\Local\\Programs\\Python\\Python39\\Scripts\\mlagents-learn E:/UnityProjects/GitHub/CarsML2021-main/mainBuild/CarsML2021-main_Data\\..//config/trainer_config.yaml --time-scale=30 --run-id=ppoTest1 --resume --env=E:/UnityProjects/GitHub/CarsML2021-main/mainBuild/CarsML2021-main_Data\\../..//trainingScene/CarsML2021-main --width=1920 --height=1080 --torch-device=cpu --num-envs=2 --no-graphics",
        "mlagents_version": "0.25.0",
        "mlagents_envs_version": "0.25.0",
        "communication_protocol_version": "1.5.0",
        "pytorch_version": "1.7.1+cu110",
        "numpy_version": "1.21.2",
        "end_time_seconds": "1632685778"
    },
    "total": 55380.256338,
    "count": 1,
    "self": 4.373885200002405,
    "children": {
        "run_training.setup": {
            "total": 0.16988840000000005,
            "count": 1,
            "self": 0.16988840000000005
        },
        "TrainerController.start_learning": {
            "total": 55375.7125644,
            "count": 1,
            "self": 103.26304459931998,
            "children": {
                "TrainerController._reset_env": {
                    "total": 1.6951272,
                    "count": 1,
                    "self": 1.6951272
                },
                "TrainerController.advance": {
                    "total": 55270.62711430068,
                    "count": 4491836,
                    "self": 93.44967720939167,
                    "children": {
                        "env_step": {
                            "total": 29197.814838894912,
                            "count": 4491836,
                            "self": 22900.22533958537,
                            "children": {
                                "SubprocessEnvManager._take_step": {
                                    "total": 6231.352936001053,
                                    "count": 4550342,
                                    "self": 364.8638986986116,
                                    "children": {
                                        "TorchPolicy.evaluate": {
                                            "total": 5866.489037302442,
                                            "count": 4488034,
                                            "self": 719.2311409038748,
                                            "children": {
                                                "TorchPolicy.sample_actions": {
                                                    "total": 5147.257896398567,
                                                    "count": 4488034,
                                                    "self": 5147.257896398567
                                                }
                                            }
                                        }
                                    }
                                },
                                "workers": {
                                    "total": 66.23656330848804,
                                    "count": 4491835,
                                    "self": 0.0,
                                    "children": {
                                        "worker_root": {
                                            "total": 110609.52425178653,
                                            "count": 4550340,