{
    "name": "root",
    "gauges": {
        "CarBrainPPO.Policy.Entropy.mean": {
            "value": 3.420863389968872,
            "min": 3.1605024337768555,
            "max": 3.4213552474975586,
            "count": 2393
        },
        "CarBrainPPO.Policy.Entropy.sum": {
            "value": 34413.88671875,
            "min": 8027.8095703125,
            "max": 36542.171875,
            "count": 2393
        },
        "CarBrainPPO.Policy.ExtrinsicValueEstimate.mean": {
            "value": 859.80126953125,
            "min": 811.5048217773438,
            "max": 1005.2404174804688,
            "count": 2393
        },
        "CarBrainPPO.Policy.ExtrinsicValueEstimate.sum": {
            "value": 74802.7109375,
            "min": 6133.162109375,
            "max": 93486.984375,
            "count": 2393
        },
        "CarBrainPPO.IsTraining.mean": {
            "value": 1.0,
            "min": 1.0,
            "max": 1.0,
            "count": 2393
        },
        "CarBrainPPO.IsTraining.sum": {
            "value": 1.0,
            "min": 1.0,
            "max": 1.0,
            "count": 2393
        },
        "CarBrainPPO.Environment.EpisodeLength.mean": {
            "value": 601.2631578947369,
            "min": 485.1764705882353,
            "max": 1057.0,
            "count": 2392
        },
        "CarBrainPPO.Environment.EpisodeLength.sum": {
            "value": 11424.0,
            "min": 1676.0,
            "max": 14798.0,
            "count": 2392
        },
        "CarBrainPPO.Environment.CumulativeReward.mean": {
            "value": 921.781394363234,
            "min": 734.9402254889993,
            "max": 926.4174277608594,
            "count": 2392
        },
        "CarBrainPPO.Environment.CumulativeReward.sum": {
            "value": 17513.846492901444,
            "min": 2713.4479904174805,
            "max": 19368.89657974243,
            "count": 2392
        },
        "CarBrainPPO.Policy.ExtrinsicReward.mean": {
            "value": 921.781394363234,
            "min": 734.9402254889993,
            "max": 926.4174277608594,
            "count": 2392
        },
        "CarBrainPPO.Policy.ExtrinsicReward.sum": {
            "value": 17513.846492901444,
            "min": 2713.4479904174805,
            "max": 19368.89657974243,
            "count": 2392
        },
        "CarBrainPPO.Losses.PolicyLoss.mean": {
            "value": 0.023780417116358876,
            "min": 0.013472348370123654,
            "max": 0.03658758119369546,
            "count": 2320
        },
        "CarBrainPPO.Losses.PolicyLoss.sum": {
            "value": 0.023780417116358876,
            "min": 0.013472348370123654,
            "max": 0.03658758119369546,
            "count": 2320
        },
        "CarBrainPPO.Losses.ValueLoss.mean": {
            "value": 9198.404606119791,
            "min": 1619.7258748372396,
            "max": 17796.034375,
            "count": 2320
        },
        "CarBrainPPO.Losses.ValueLoss.sum": {
            "value": 9198.404606119791,
            "min": 1619.7258748372396,
            "max": 17796.034375,
            "count": 2320
        },
        "CarBrainPPO.Policy.LearningRate.mean": {
            "value": 3.1209516790552e-05,
            "min": 3.1209516790552e-05,
            "max": 5.511066888937602e-05,
            "count": 2320
        },
        "CarBrainPPO.Policy.LearningRate.sum": {
            "value": 3.1209516790552e-05,
            "min": 3.1209516790552e-05,
            "max": 5.511066888937602e-05,
            "count": 2320
        },
        "CarBrainPPO.Policy.Epsilon.mean": {
            "value": 0.10000000000000003,
            "min": 0.10000000000000003,
            "max": 0.10000000000000003,
            "count": 2320
        },
        "CarBrainPPO.Policy.Epsilon.sum": {
            "value": 0.10000000000000003,
            "min": 0.10000000000000003,
            "max": 0.10000000000000003,
            "count": 2320
        },
        "CarBrainPPO.Policy.Beta.mean": {
            "value": 0.003127823855199999,
            "min": 0.003127823855199999,
            "max": 0.005515551337600001,
            "count": 2320
        },
        "CarBrainPPO.Policy.Beta.sum": {
            "value": 0.003127823855199999,
            "min": 0.003127823855199999,
            "max": 0.005515551337600001,
            "count": 2320
        }
    },
    "metadata": {
        "timer_format_version": "0.1.0",
        "start_time_seconds": "1632712128",
        "python_version": "3.9.6 (tags/v3.9.6:db3ff76, Jun 28 2021, 15:26:21) [MSC v.1929 64 bit (AMD64)]",
        "command_line_arguments": "C:\\Users\\Nora\\AppData\\Local\\Programs\\Python\\Python39\\Scripts\\mlagents-learn E:/UnityProjects/GitHub/CarsML2021-main/mainBuild/CarsML2021-main_Data\\..//config/trainer_config.yaml --time-scale=30 --run-id=ppotest1 --resume --env=E:/UnityProjects/GitHub/CarsML2021-main/mainBuild/CarsML2021-main_Data\\../..//trainingScene/CarsML2021-main --width=1920 --height=1080 --torch-device=cpu --num-envs=2 --no-graphics",
        "mlagents_version": "0.25.0",
        "mlagents_envs_version": "0.25.0",
        "communication_protocol_version": "1.5.0",
        "pytorch_version": "1.7.1+cu110",
        "numpy_version": "1.21.2",
        "end_time_seconds": "1632737420"
    },
    "total": 25291.3553028,
    "count": 1,
    "self": 0.17673069999727886,
    "children": {
        "run_training.setup": {
            "total": 0.16229380000000004,
            "count": 1,
            "self": 0.16229380000000004
        },
        "TrainerController.start_learning": {
            "total": 25291.0162783,
            "count": 1,
            "self": 54.05694020025112,
            "children": {
                "TrainerController._reset_env": {
                    "total": 1.7008396,
                    "count": 1,
                    "self": 1.7008396
                },
                "TrainerController.advance": {
                    "total": 25235.14136149975,
                    "count": 2414000,
                    "self": 46.86147049857391,
                    "children": {
                        "env_step": {
                            "total": 11764.179989400882,
                            "count": 2414000,
                            "self": 8553.586871900308,
                            "children": {
                                "SubprocessEnvManager._take_step": {
                                    "total": 3176.903129599041,
                                    "count": 2426008,
                                    "self": 185.59828079707086,
                                    "children": {
                                        "TorchPolicy.evaluate": {
                                            "total": 2991.3048488019704,
                                            "count": 2393186,
                                            "self": 369.91676380451054,
                                            "children": {
                                                "TorchPolicy.sample_actions": {
                                                    "total": 2621.38808499746,
                                                    "count": 2393186,
                                                    "self": 2621.38808499746
                                                }
                                            }
                                        }
                                    }
                                },
                                "workers": {
                                    "total": 33.68998790153339,
                                    "count": 2413999,
                                    "self": 0.0,
                                    "children": {
                                        "worker_root": {
                                            "total": 50510.13351070053,
                                            "count": 2426006,