{"count":1,"self":9.8243776,"total":9.8443811,"children":{"InitializeActuators":{"count":1,"self":0.0020003,"total":0.0020003,"children":null},"InitializeSensors":{"count":1,"self":0.0035004999999999997,"total":0.0035004999999999997,"children":null},"AgentSendState":{"count":91,"self":0.0015004999999999999,"total":0.0100012,"children":{"CollectObservations":{"count":19,"self":0.0004999,"total":0.0004999,"children":null},"WriteActionMask":{"count":19,"self":0.00049949999999999994,"total":0.00049949999999999994,"children":null},"RequestDecision":{"count":19,"self":0.0015006,"total":0.0075013,"children":{"RayPerceptionSensor.Perceive":{"count":38,"self":0.0060006999999999994,"total":0.0060006999999999994,"children":null}}}}},"DecideAction":{"count":91,"self":0.0030006,"total":0.0030006,"children":null},"AgentAct":{"count":91,"self":0.0015008999999999999,"total":0.0015008999999999999,"children":null}},"gauges":{},"metadata":{"timer_format_version":"0.1.0","start_time_seconds":"1630334409","unity_version":"2019.4.28f1","command_line_arguments":"C:\\Program Files\\Unity\\Hub\\Editor\\2019.4.28f1\\Editor\\Unity.exe -projectpath E:\/CarsML2021-main -useHub -hubIPC -cloudEnvironment production -hubSessionId 5903e230-0016-11ec-a027-e1bd354a72ab -accessToken 4rRcAyGdFr0LscmGtD6-Dg05eI8RV6oNkgT7qJYfOf8006f","communication_protocol_version":"1.5.0","com.unity.ml-agents_version":"1.9.0-preview","scene_name":"MainMenu","end_time_seconds":"1630334419"}}