{"count":1,"self":8.7556528,"total":8.7811573,"children":{"InitializeActuators":{"count":1,"self":0.0025009999999999998,"total":0.0025009999999999998,"children":null},"InitializeSensors":{"count":1,"self":0.0030001999999999997,"total":0.0030001999999999997,"children":null},"AgentSendState":{"count":193,"self":0.0034995,"total":0.0145014,"children":{"CollectObservations":{"count":39,"self":0.0010004999999999999,"total":0.0010004999999999999,"children":null},"WriteActionMask":{"count":39,"self":0.0010000999999999999,"total":0.0010000999999999999,"children":null},"RequestDecision":{"count":39,"self":0.0025003,"total":0.0090013,"children":{"RayPerceptionSensor.Perceive":{"count":78,"self":0.006501,"total":0.006501,"children":null}}}}},"DecideAction":{"count":193,"self":0.0025001999999999997,"total":0.0025001999999999997,"children":null},"AgentAct":{"count":193,"self":0.0015006,"total":0.0015006,"children":null}},"gauges":{},"metadata":{"timer_format_version":"0.1.0","start_time_seconds":"1630334060","unity_version":"2019.4.28f1","command_line_arguments":"C:\\Program Files\\Unity\\Hub\\Editor\\2019.4.28f1\\Editor\\Unity.exe -projectpath E:\/CarsML2021-main -useHub -hubIPC -cloudEnvironment production -hubSessionId 5903e230-0016-11ec-a027-e1bd354a72ab -accessToken 4rRcAyGdFr0LscmGtD6-Dg05eI8RV6oNkgT7qJYfOf8006f","communication_protocol_version":"1.5.0","com.unity.ml-agents_version":"1.9.0-preview","scene_name":"testzoo","end_time_seconds":"1630334069"}}