{"count":1,"self":959.4660864,"total":978.5316375,"children":{"InitializeActuators":{"count":1,"self":0.0020016,"total":0.0020016,"children":null},"InitializeSensors":{"count":1,"self":0.0060054,"total":0.0060054,"children":null},"AgentSendState":{"count":48664,"self":2.8657676,"total":3.2193338999999996,"children":{"CollectObservations":{"count":9733,"self":0.10009359999999999,"total":0.10009359999999999,"children":null},"WriteActionMask":{"count":9733,"self":0.060315999999999995,"total":0.060315999999999995,"children":null},"RequestDecision":{"count":9733,"self":0.19315659999999998,"total":0.19315659999999998,"children":null}}},"DecideAction":{"count":48664,"self":15.1974304,"total":15.558950699999999,"children":{"RayPerceptionSensor.Perceive":{"count":19466,"self":0.3615199,"total":0.3615199,"children":null}}},"AgentAct":{"count":48664,"self":0.2772482,"total":0.2772482,"children":null}},"gauges":{"CarBrainPPO.CumulativeReward":{"count":37,"max":983.2822,"min":273.776947,"runningAverage":476.5165,"value":605.2368,"weightedAverage":404.1668}},"metadata":{"timer_format_version":"0.1.0","start_time_seconds":"1632889026","unity_version":"2019.4.28f1","command_line_arguments":"D:\\Unity\\2019.4.28f1\\Editor\\Unity.exe -projectpath E:\/UnityProjects\/GitHub\/CarsML2021-main -useHub -hubIPC -cloudEnvironment production -hubSessionId 9a46d800-1ff7-11ec-928c-7f8d0b4468ee","communication_protocol_version":"1.5.0","com.unity.ml-agents_version":"2.1.0-exp.1","scene_name":"Training","end_time_seconds":"1632890004"}}