{"count":1,"self":204.985088,"total":207.7013132,"children":{"InitializeActuators":{"count":2,"self":0.0020025999999999998,"total":0.0020025999999999998,"children":null},"InitializeSensors":{"count":2,"self":0.0040038999999999995,"total":0.0040038999999999995,"children":null},"AgentSendState":{"count":3950,"self":0.3132906,"total":0.3863526,"children":{"CollectObservations":{"count":1580,"self":0.0080057,"total":0.0080057,"children":null},"WriteActionMask":{"count":1580,"self":0.0120108,"total":0.0120108,"children":null},"RequestDecision":{"count":1580,"self":0.053045499999999995,"total":0.053045499999999995,"children":null}}},"DecideAction":{"count":3950,"self":2.2557967999999997,"total":2.3028402999999997,"children":{"RayPerceptionSensor.Perceive":{"count":3160,"self":0.0470434,"total":0.0470434,"children":null}}},"AgentAct":{"count":3950,"self":0.020019199999999997,"total":0.020019199999999997,"children":null}},"gauges":{"CarBrainSAC.CumulativeReward":{"count":2,"max":922.6816,"min":919.706848,"runningAverage":921.1942,"value":922.6816,"weightedAverage":920.450562},"CarBrainPPO.CumulativeReward":{"count":1,"max":917.832153,"min":917.832153,"runningAverage":917.832153,"value":917.832153,"weightedAverage":917.832153}},"metadata":{"timer_format_version":"0.1.0","start_time_seconds":"1632697579","unity_version":"2019.4.28f1","command_line_arguments":"D:\\Unity\\2019.4.28f1\\Editor\\Unity.exe -openfile E:\\UnityProjects\\GitHub\\CarsML2021-main\\Assets\\Scenes\\Training.unity","communication_protocol_version":"1.5.0","com.unity.ml-agents_version":"2.1.0-exp.1","scene_name":"Training","end_time_seconds":"1632697787"}}