{"count":1,"self":1597.4501375999998,"total":1628.0076883,"children":{"InitializeActuators":{"count":9,"self":0.0035007999999999997,"total":0.0035007999999999997,"children":null},"InitializeSensors":{"count":9,"self":0.004001,"total":0.004001,"children":null},"AgentSendState":{"count":17770,"self":0.6746627,"total":1.2416075,"children":{"CollectObservations":{"count":31986,"self":0.19387739999999998,"total":0.19387739999999998,"children":null},"WriteActionMask":{"count":31986,"self":0.13153499999999999,"total":0.13153499999999999,"children":null},"RequestDecision":{"count":31986,"self":0.24153239999999998,"total":0.24153239999999998,"children":null}}},"DecideAction":{"count":17770,"self":23.4866128,"total":29.161728999999998,"children":{"RayPerceptionSensor.Perceive":{"count":63972,"self":5.6751168,"total":5.6751168,"children":null}}},"AgentAct":{"count":17770,"self":0.14522559999999998,"total":0.14522559999999998,"children":null}},"gauges":{"CarBrainPPO.CumulativeReward":{"count":7,"max":741.252,"min":23.66871,"runningAverage":335.677643,"value":23.66871,"weightedAverage":337.0219}},"metadata":{"timer_format_version":"0.1.0","start_time_seconds":"1628335232","unity_version":"2019.4.28f1","command_line_arguments":"C:\\Program Files\\Unity\\Hub\\Editor\\2019.4.28f1\\Editor\\Unity.exe -projectpath E:\/CarsML2021-main -useHub -hubIPC -cloudEnvironment production -hubSessionId 285c7310-f376-11eb-9762-fd9cdd011d2d -accessToken jfp-s8iGpDm9PReDUoBeRRiA9osOox9b7XoSpNkiszE006f","communication_protocol_version":"1.5.0","com.unity.ml-agents_version":"1.9.0-preview","scene_name":"Training","end_time_seconds":"1628336860"}}