{"count":1,"self":33.0830176,"total":56.0481019,"children":{"InitializeActuators":{"count":2,"self":0.0025004999999999997,"total":0.0025004999999999997,"children":null},"InitializeSensors":{"count":2,"self":0.0025007,"total":0.0025007,"children":null},"AgentSendState":{"count":7201,"self":0.1020222,"total":0.73714119999999994,"children":{"CollectObservations":{"count":2882,"self":0.0135032,"total":0.0135032,"children":null},"WriteActionMask":{"count":2882,"self":0.013002999999999999,"total":0.013002999999999999,"children":null},"RequestDecision":{"count":2882,"self":0.036008399999999996,"total":0.6086128,"children":{"AgentInfo.ToProto":{"count":2882,"self":0.029505399999999998,"total":0.5726044,"children":{"GenerateSensorData":{"count":2882,"self":0.10401959999999999,"total":0.543099,"children":{"RayPerceptionSensor.Perceive":{"count":5764,"self":0.43907939999999995,"total":0.43907939999999995,"children":null}}}}}}}}},"DecideAction":{"count":7201,"self":22.185436799999998,"total":22.185436199999998,"children":null},"AgentAct":{"count":7201,"self":0.0355054,"total":0.0355054,"children":null},"AgentInfo.ToProto":{"count":6,"self":0,"total":0.001,"children":{"GenerateSensorData":{"count":6,"self":0.0005,"total":0.001,"children":{"RayPerceptionSensor.Perceive":{"count":12,"self":0.0005,"total":0.0005,"children":null}}}}}},"gauges":{"CarBrainSAC.CumulativeReward":{"count":4,"max":77.60293,"min":8.646318,"runningAverage":47.40341,"value":73.3203049,"weightedAverage":38.523922},"CarBrainPPO.CumulativeReward":{"count":2,"max":69.94963,"min":56.5915833,"runningAverage":63.270607,"value":56.5915833,"weightedAverage":66.61012}},"metadata":{"timer_format_version":"0.1.0","start_time_seconds":"1630414660","unity_version":"2019.4.28f1","command_line_arguments":"C:\\Program Files\\Unity\\Hub\\Editor\\2019.4.28f1\\Editor\\Unity.exe -projectpath E:\/CarsML2021-main -useHub -hubIPC -cloudEnvironment production -hubSessionId 03063650-0a46-11ec-a714-13f36bbba5ba -accessToken L2pPdWOke_frJF-NaE3H44LtJ8vukDS9l2T5uzzISDo006f","communication_protocol_version":"1.5.0","com.unity.ml-agents_version":"1.9.0-preview","scene_name":"Training","end_time_seconds":"1630414716"}}