{"count":1,"self":2.3348435999999997,"total":14.8760666,"children":{"InitializeActuators":{"count":18,"self":0.0015003999999999998,"total":0.0015003999999999998,"children":null},"InitializeSensors":{"count":18,"self":0.0030006,"total":0.0030006,"children":null},"AgentSendState":{"count":1351,"self":0.083506799999999992,"total":0.8361341,"children":{"CollectObservations":{"count":4878,"self":0.026503699999999998,"total":0.026503699999999998,"children":null},"WriteActionMask":{"count":4878,"self":0.0170043,"total":0.0170043,"children":null},"RequestDecision":{"count":4878,"self":0.0625165,"total":0.7091193,"children":{"AgentInfo.ToProto":{"count":4878,"self":0.0515081,"total":0.64660279999999992,"children":{"GenerateSensorData":{"count":4878,"self":0.12846739999999998,"total":0.5950947,"children":{"RayPerceptionSensor.Perceive":{"count":9756,"self":0.46662729999999997,"total":0.46662729999999997,"children":null}}}}}}}}},"DecideAction":{"count":1351,"self":11.689584799999999,"total":11.689584499999999,"children":null},"AgentAct":{"count":1351,"self":0.0095033,"total":0.0095033,"children":null}},"gauges":{},"metadata":{"timer_format_version":"0.1.0","start_time_seconds":"1627891188","unity_version":"2019.4.23f1","command_line_arguments":"C:\\Program Files\\Unity\\Hub\\Editor\\2019.4.23f1\\Editor\\Unity.exe -projectpath E:\/CarsML2021-main -useHub -hubIPC -cloudEnvironment production -hubSessionId c04ca890-eb81-11eb-b495-bf376ecec2de -accessToken CfgcJL1ZycFLo30pfquzjVJQUZreQ4Bw2-C1imGEXho006f","communication_protocol_version":"1.5.0","com.unity.ml-agents_version":"1.9.0-preview","scene_name":"Training","end_time_seconds":"1627891203"}}