{"count":1,"self":539.961856,"total":26363.2543902,"children":{"InitializeActuators":{"count":1,"self":0.0020022,"total":0.0020022,"children":null},"InitializeSensors":{"count":1,"self":0.0050041,"total":0.0050041,"children":null},"AgentSendState":{"count":497717,"self":225.64218879999999,"total":281.8496437,"children":{"CollectObservations":{"count":497717,"self":4.7112164,"total":4.7112162999999994,"children":null},"WriteActionMask":{"count":497717,"self":2.0648714,"total":2.0648714,"children":null},"RequestDecision":{"count":497717,"self":7.6997088,"total":49.431368299999995,"children":{"AgentInfo.ToProto":{"count":497717,"self":7.0449151999999993,"total":41.7316596,"children":{"GenerateSensorData":{"count":497717,"self":28.5518784,"total":34.6867441,"children":{"RayPerceptionSensor.Perceive":{"count":497717,"self":6.134866,"total":6.1348658999999994,"children":null}}}}}}}}},"DecideAction":{"count":497717,"self":25534.303436799997,"total":25534.303061,"children":null},"AgentAct":{"count":497717,"self":7.041744,"total":7.1318468999999993,"children":{"AgentInfo.ToProto":{"count":991,"self":0.0130069,"total":0.090102599999999991,"children":{"GenerateSensorData":{"count":991,"self":0.064083599999999991,"total":0.0770957,"children":{"RayPerceptionSensor.Perceive":{"count":991,"self":0.013012099999999999,"total":0.013012099999999999,"children":null}}}}}}}},"gauges":{"CarBrainSAC.CumulativeReward":{"count":991,"max":107.88427,"min":-41.2575645,"runningAverage":-1.68036187,"value":-5.746916,"weightedAverage":-5.076064}},"metadata":{"timer_format_version":"0.1.0","start_time_seconds":"1633227627","unity_version":"2019.4.28f1","command_line_arguments":"D:\\Unity\\2019.4.28f1\\Editor\\Unity.exe -projectpath E:\/UnityProjects\/GitHub\/CarsML2021-main -useHub -hubIPC -cloudEnvironment production -hubSessionId 9e27ff20-23ef-11ec-87c9-1fc8de87567c -accessToken 7a3S-HxDIj11bB_jYaiWdpiEOIu1mmeagsNFiWC-bJw006f","communication_protocol_version":"1.5.0","com.unity.ml-agents_version":"2.1.0-exp.1","scene_name":"Training","end_time_seconds":"1633253990"}}