{"count":1,"self":36.589183999999996,"total":38.1761354,"children":{"InitializeActuators":{"count":2,"self":0.0020004,"total":0.0020004,"children":null},"InitializeSensors":{"count":2,"self":0.0030004999999999997,"total":0.0030004999999999997,"children":null},"AgentSendState":{"count":1343,"self":0.0245042,"total":0.0725126,"children":{"CollectObservations":{"count":538,"self":0.0030007999999999996,"total":0.0030007999999999996,"children":null},"WriteActionMask":{"count":538,"self":0.0025009999999999998,"total":0.0025009999999999998,"children":null},"RequestDecision":{"count":538,"self":0.0425066,"total":0.0425066,"children":null}}},"DecideAction":{"count":1343,"self":1.4049161,"total":1.5024366999999998,"children":{"RayPerceptionSensor.Perceive":{"count":1076,"self":0.0975206,"total":0.0975206,"children":null}}},"AgentAct":{"count":1343,"self":0.0059999,"total":0.0059999,"children":null}},"gauges":{"CarBrainSAC.CumulativeReward":{"count":6,"max":97.15356,"min":71.98947,"runningAverage":85.1305542,"value":80.47875,"weightedAverage":84.23262}},"metadata":{"timer_format_version":"0.1.0","start_time_seconds":"1630934822","unity_version":"2019.4.28f1","command_line_arguments":"C:\\Program Files\\Unity\\Hub\\Editor\\2019.4.28f1\\Editor\\Unity.exe -projectpath E:\/CarsML2021-main -useHub -hubIPC -cloudEnvironment production -hubSessionId 03063650-0a46-11ec-a714-13f36bbba5ba -accessToken JeeSHxiEdg71U4MM9p3py34xJsas0-q0NIrdCb6Z714006f","communication_protocol_version":"1.5.0","com.unity.ml-agents_version":"1.9.0-preview","scene_name":"Training","end_time_seconds":"1630934860"}}