{"count":1,"self":4.3062628,"total":164.595071,"children":{"InitializeActuators":{"count":18,"self":0.0029995,"total":0.0029995,"children":null},"InitializeSensors":{"count":18,"self":0.0030007999999999996,"total":0.0030007999999999996,"children":null},"AgentSendState":{"count":3026,"self":0.16671519999999998,"total":2.446138,"children":{"CollectObservations":{"count":10908,"self":0.0578546,"total":0.0578546,"children":null},"WriteActionMask":{"count":10908,"self":0.0465114,"total":0.0465114,"children":null},"RequestDecision":{"count":10908,"self":0.129696,"total":2.1750568,"children":{"AgentInfo.ToProto":{"count":10908,"self":0.1017742,"total":2.0453608,"children":{"GenerateSensorData":{"count":10908,"self":0.36881719999999996,"total":1.9435866,"children":{"RayPerceptionSensor.Perceive":{"count":21816,"self":1.5747693999999999,"total":1.5747693999999999,"children":null}}}}}}}}},"DecideAction":{"count":3026,"self":157.80515839999998,"total":157.8051558,"children":null},"AgentAct":{"count":3026,"self":0.028511099999999998,"total":0.028511099999999998,"children":null},"AgentInfo.ToProto":{"count":7,"self":0,"total":0.0020025999999999998,"children":{"GenerateSensorData":{"count":7,"self":0.0010006,"total":0.0020025999999999998,"children":{"RayPerceptionSensor.Perceive":{"count":14,"self":0.0010019999999999999,"total":0.0010019999999999999,"children":null}}}}}},"gauges":{"CarBrainSAC.CumulativeReward":{"count":4,"max":68.25627,"min":59.8814278,"runningAverage":65.44495,"value":59.8814278,"weightedAverage":65.55953},"CarBrainPPO.CumulativeReward":{"count":3,"max":63.86272,"min":56.55332,"runningAverage":60.45209,"value":60.94023,"weightedAverage":59.02056}},"metadata":{"timer_format_version":"0.1.0","start_time_seconds":"1627896981","unity_version":"2019.4.28f1","command_line_arguments":"C:\\Program Files\\Unity\\Hub\\Editor\\2019.4.28f1\\Editor\\Unity.exe -projectpath E:\/CarsML2021-main -useHub -hubIPC -cloudEnvironment production -hubSessionId f6e90a50-f36b-11eb-83b8-6d84ce24bf31 -accessToken cQiFB2HxLpTcVGuTcoQ9FB7q1NiGPSG_Y4890gSjKIY006f","communication_protocol_version":"1.5.0","com.unity.ml-agents_version":"1.9.0-preview","scene_name":"Training","end_time_seconds":"1627897146"}}