{
    "name": "root",
    "gauges": {
        "CarBrain.Policy.Entropy.mean": {
            "value": 1.418938398361206,
            "min": 1.418938398361206,
            "max": 1.418938398361206,
            "count": 1
        },
        "CarBrain.Policy.Entropy.sum": {
            "value": 14839.2578125,
            "min": 14839.2578125,
            "max": 14839.2578125,
            "count": 1
        },
        "CarBrain.Policy.ExtrinsicValueEstimate.mean": {
            "value": 0.18762129545211792,
            "min": 0.18762129545211792,
            "max": 0.18762129545211792,
            "count": 1
        },
        "CarBrain.Policy.ExtrinsicValueEstimate.sum": {
            "value": 15.197324752807617,
            "min": 15.197324752807617,
            "max": 15.197324752807617,
            "count": 1
        },
        "CarBrain.Environment.EpisodeLength.mean": {
            "value": 724.6666666666666,
            "min": 724.6666666666666,
            "max": 724.6666666666666,
            "count": 1
        },
        "CarBrain.Environment.EpisodeLength.sum": {
            "value": 6522.0,
            "min": 6522.0,
            "max": 6522.0,
            "count": 1
        },
        "CarBrain.Environment.CumulativeReward.mean": {
            "value": 60.137463418559896,
            "min": 60.137463418559896,
            "max": 60.137463418559896,
            "count": 1
        },
        "CarBrain.Environment.CumulativeReward.sum": {
            "value": 541.2371707670391,
            "min": 541.2371707670391,
            "max": 541.2371707670391,
            "count": 1
        },
        "CarBrain.Policy.ExtrinsicReward.mean": {
            "value": 60.137463418559896,
            "min": 60.137463418559896,
            "max": 60.137463418559896,
            "count": 1
        },
        "CarBrain.Policy.ExtrinsicReward.sum": {
            "value": 541.2371707670391,
            "min": 541.2371707670391,
            "max": 541.2371707670391,
            "count": 1
        },
        "CarBrain.IsTraining.mean": {
            "value": 1.0,
            "min": 1.0,
            "max": 1.0,
            "count": 1
        },
        "CarBrain.IsTraining.sum": {
            "value": 1.0,
            "min": 1.0,
            "max": 1.0,
            "count": 1
        }
    },
    "metadata": {
        "timer_format_version": "0.1.0",
        "start_time_seconds": "1627480172",
        "python_version": "3.8.8 (tags/v3.8.8:024d805, Feb 19 2021, 13:18:16) [MSC v.1928 64 bit (AMD64)]",
        "command_line_arguments": "C:\\Users\\mixal\\AppData\\Local\\Programs\\Python\\Python38\\Scripts\\mlagents-learn E:/CarsML2021-main/mainBuild/CarsML2021_Data\\..//config/trainer_config.yaml --train --time-scale=30 --run-id=665 --env=E:/CarsML2021-main/mainBuild/CarsML2021_Data\\../..//trainingScene/CarsML2021",
        "mlagents_version": "0.25.0",
        "mlagents_envs_version": "0.25.0",
        "communication_protocol_version": "1.5.0",
        "pytorch_version": "1.7.1+cu110",
        "numpy_version": "1.20.2",
        "end_time_seconds": "1627480223"
    },
    "total": 51.5054938,
    "count": 1,
    "self": 0.005640600000006657,
    "children": {
        "run_training.setup": {
            "total": 0.09001300000000012,
            "count": 1,
            "self": 0.09001300000000012
        },
        "TrainerController.start_learning": {
            "total": 51.4098402,
            "count": 1,
            "self": 0.046553299999857245,
            "children": {
                "TrainerController._reset_env": {
                    "total": 8.3204775,
                    "count": 1,
                    "self": 8.3204775
                },
                "TrainerController.advance": {
                    "total": 42.723109500000135,
                    "count": 1868,
                    "self": 0.01988890000010457,
                    "children": {
                        "env_step": {
                            "total": 42.70322060000003,
                            "count": 1868,
                            "self": 37.96527000000013,
                            "children": {
                                "SubprocessEnvManager._take_step": {
                                    "total": 4.715468300000001,
                                    "count": 1868,
                                    "self": 0.11805440000003742,
                                    "children": {
                                        "TorchPolicy.evaluate": {
                                            "total": 4.597413899999964,
                                            "count": 1856,
                                            "self": 1.5050025999997896,
                                            "children": {
                                                "TorchPolicy.sample_actions": {
                                                    "total": 3.0924113000001743,
                                                    "count": 1856,
                                                    "self": 3.0924113000001743
                                                }
                                            }
                                        }
                                    }
                                },
                                "workers": {
                                    "total": 0.022482299999897037,
                                    "count": 1867,
                                    "self": 0.0,
                                    "children": {
                                        "worker_root": {
                                            "total": 44.80936579999996,
                                            "count": 1867,
                                            "is_parallel": true,
                                            "self": 9.283605900000119,
                                            "children": {
                                                "steps_from_proto": {
                                                    "total": 0.0047024000000002175,
                                                    "count": 1,
                                                    "is_parallel": true,
                                                    "self": 0.00015360000000086416,
                                                    "children": {
                                                        "_process_rank_one_or_two_observation": {
                                                            "total": 0.004548799999999353,
                                                            "count": 6,
                                                            "is_parallel": true,
                                                            "self": 0.004548799999999353
                                                        }
                                                    }
                                                },
                                                "UnityEnvironment.step": {
                                                    "total": 35.52105749999984,
                                                    "count": 1867,
                                                    "is_parallel": true,
                                                    "self": 0.1581453000000792,
                                                    "children": {
                                                        "UnityEnvironment._generate_step_input": {
                                                            "total": 0.807075599999914,
                                                            "count": 1867,
                                                            "is_parallel": true,
                                                            "self": 0.807075599999914
                                                        },