{"count":1,"self":21.207865599999998,"total":21.7195245,"children":{"InitializeActuators":{"count":9,"self":0.0030009999999999998,"total":0.0030009999999999998,"children":null},"InitializeSensors":{"count":9,"self":0.0085009,"total":0.0085009,"children":null},"AgentSendState":{"count":1073,"self":0.055505399999999996,"total":0.4445789,"children":{"CollectObservations":{"count":1935,"self":0.0126482,"total":0.0126482,"children":null},"WriteActionMask":{"count":1935,"self":0.011000699999999999,"total":0.011000699999999999,"children":null},"RequestDecision":{"count":1935,"self":0.0355053,"total":0.3654246,"children":{"RayPerceptionSensor.Perceive":{"count":3870,"self":0.32991929999999997,"total":0.32991929999999997,"children":null}}}}},"DecideAction":{"count":1073,"self":0.0420204,"total":0.0420204,"children":null},"AgentAct":{"count":1073,"self":0.0100567,"total":0.0100567,"children":null}},"gauges":{},"metadata":{"timer_format_version":"0.1.0","start_time_seconds":"1628334154","unity_version":"2019.4.28f1","command_line_arguments":"E:\\CarsML2021-main\\mainBuild\\CarsML2021-main.exe","communication_protocol_version":"1.5.0","com.unity.ml-agents_version":"1.9.0-preview","scene_name":"Training","end_time_seconds":"1628334176"}}