{"count":1,"self":18.7641232,"total":20.2567953,"children":{"InitializeActuators":{"count":9,"self":0.0020004,"total":0.0020004,"children":null},"InitializeSensors":{"count":9,"self":0.0075011999999999995,"total":0.0075011999999999995,"children":null},"AgentSendState":{"count":996,"self":0.049009699999999996,"total":0.0854567,"children":{"CollectObservations":{"count":1800,"self":0.017944599999999998,"total":0.017944599999999998,"children":null},"WriteActionMask":{"count":1800,"self":0.0075007999999999993,"total":0.0075007999999999993,"children":null},"RequestDecision":{"count":1800,"self":0.0110016,"total":0.0110016,"children":null}}},"DecideAction":{"count":996,"self":1.1231754,"total":1.3857121,"children":{"RayPerceptionSensor.Perceive":{"count":3600,"self":0.2625367,"total":0.2625367,"children":null}}},"AgentAct":{"count":996,"self":0.0095015999999999989,"total":0.0095015999999999989,"children":null}},"gauges":{},"metadata":{"timer_format_version":"0.1.0","start_time_seconds":"1628502377","unity_version":"2019.4.28f1","command_line_arguments":"E:\\CarsML2021-main\\mainBuild\\CarsML2021-main.exe","communication_protocol_version":"1.5.0","com.unity.ml-agents_version":"1.9.0-preview","scene_name":"Training","end_time_seconds":"1628502397"}}