{"count":1,"self":11.7158512,"total":12.7062943,"children":{"InitializeActuators":{"count":9,"self":0.0024998999999999998,"total":0.0024998999999999998,"children":null},"InitializeSensors":{"count":9,"self":0.0075014,"total":0.0075014,"children":null},"AgentSendState":{"count":611,"self":0.025006499999999997,"total":0.0455003,"children":{"CollectObservations":{"count":1107,"self":0.0069933999999999994,"total":0.0069933999999999994,"children":null},"WriteActionMask":{"count":1107,"self":0.0045003,"total":0.0045003,"children":null},"RequestDecision":{"count":1107,"self":0.0090000999999999987,"total":0.0090000999999999987,"children":null}}},"DecideAction":{"count":611,"self":0.76740619999999993,"total":0.9279408,"children":{"RayPerceptionSensor.Perceive":{"count":2214,"self":0.1605346,"total":0.1605346,"children":null}}},"AgentAct":{"count":611,"self":0.004,"total":0.004,"children":null}},"gauges":{},"metadata":{"timer_format_version":"0.1.0","start_time_seconds":"1629286097","unity_version":"2019.4.28f1","command_line_arguments":"E:\\CarsML2021-main\\mainBuild\\CarsML2021-main.exe","communication_protocol_version":"1.5.0","com.unity.ml-agents_version":"1.9.0-preview","scene_name":"Training","end_time_seconds":"1629286110"}}