{
    "name": "root",
    "gauges": {
        "CarBrainPPO.Policy.Entropy.mean": {
            "value": 1.4189382791519165,
            "min": 1.4189382791519165,
            "max": 1.4189382791519165,
            "count": 1
        },
        "CarBrainPPO.Policy.Entropy.sum": {
            "value": 14969.798828125,
            "min": 14969.798828125,
            "max": 14969.798828125,
            "count": 1
        },
        "CarBrainPPO.Policy.ExtrinsicValueEstimate.mean": {
            "value": -0.1065104529261589,
            "min": -0.1065104529261589,
            "max": -0.1065104529261589,
            "count": 1
        },
        "CarBrainPPO.Policy.ExtrinsicValueEstimate.sum": {
            "value": -9.053388595581055,
            "min": -9.053388595581055,
            "max": -9.053388595581055,
            "count": 1
        },
        "CarBrainPPO.Environment.EpisodeLength.mean": {
            "value": 521.0,
            "min": 521.0,
            "max": 521.0,
            "count": 1
        },
        "CarBrainPPO.Environment.EpisodeLength.sum": {
            "value": 7294.0,
            "min": 7294.0,
            "max": 7294.0,
            "count": 1
        },
        "CarBrainPPO.Environment.CumulativeReward.mean": {
            "value": 47.64299092973982,
            "min": 47.64299092973982,
            "max": 47.64299092973982,
            "count": 1
        },
        "CarBrainPPO.Environment.CumulativeReward.sum": {
            "value": 667.0018730163574,
            "min": 667.0018730163574,
            "max": 667.0018730163574,
            "count": 1
        },
        "CarBrainPPO.Policy.ExtrinsicReward.mean": {
            "value": 47.64299092973982,
            "min": 47.64299092973982,
            "max": 47.64299092973982,
            "count": 1
        },
        "CarBrainPPO.Policy.ExtrinsicReward.sum": {
            "value": 667.0018730163574,
            "min": 667.0018730163574,
            "max": 667.0018730163574,
            "count": 1
        },
        "CarBrainPPO.IsTraining.mean": {
            "value": 1.0,
            "min": 1.0,
            "max": 1.0,
            "count": 1
        },
        "CarBrainPPO.IsTraining.sum": {
            "value": 1.0,
            "min": 1.0,
            "max": 1.0,
            "count": 1
        }
    },
    "metadata": {
        "timer_format_version": "0.1.0",
        "start_time_seconds": "1630947214",
        "python_version": "3.8.8 (tags/v3.8.8:024d805, Feb 19 2021, 13:18:16) [MSC v.1928 64 bit (AMD64)]",
        "command_line_arguments": "C:\\Users\\mixal\\AppData\\Local\\Programs\\Python\\Python38\\Scripts\\mlagents-learn E:/CarsML2021-main/mainBuild/CarsML2021-main_Data\\..//config/trainer_config.yaml --time-scale=30 --run-id=6666 --env=E:/CarsML2021-main/mainBuild/CarsML2021-main_Data\\../..//trainingScene/CarsML2021-main --width=1920 --height=1080 --torch-device=cpu --num-envs=2",
        "mlagents_version": "0.25.0",
        "mlagents_envs_version": "0.25.0",
        "communication_protocol_version": "1.5.0",
        "pytorch_version": "1.7.1+cu110",
        "numpy_version": "1.20.2",
        "end_time_seconds": "1630947256"
    },
    "total": 42.0322019,
    "count": 1,
    "self": 0.26445769999999413,
    "children": {
        "run_training.setup": {
            "total": 0.1587666000000001,
            "count": 1,
            "self": 0.1587666000000001
        },
        "TrainerController.start_learning": {
            "total": 41.6089776,
            "count": 1,
            "self": 0.05822950000016647,
            "children": {
                "TrainerController._reset_env": {
                    "total": 5.8753312,
                    "count": 1,
                    "self": 5.8753312
                },
                "TrainerController.advance": {
                    "total": 35.50009319999984,
                    "count": 3349,
                    "self": 0.053364899999806426,
                    "children": {
                        "env_step": {
                            "total": 29.334776000000094,
                            "count": 3349,
                            "self": 25.93114640000021,
                            "children": {
                                "SubprocessEnvManager._take_step": {
                                    "total": 3.3651609999998344,
                                    "count": 3405,
                                    "self": 0.18171329999981722,
                                    "children": {
                                        "TorchPolicy.evaluate": {
                                            "total": 3.183447700000017,
                                            "count": 3386,
                                            "self": 0.4755618999999829,
                                            "children": {
                                                "TorchPolicy.sample_actions": {
                                                    "total": 2.7078858000000343,
                                                    "count": 3386,
                                                    "self": 2.7078858000000343
                                                }
                                            }
                                        }
                                    }
                                },
                                "workers": {
                                    "total": 0.0384686000000487,
                                    "count": 3348,
                                    "self": 0.0,
                                    "children": {
                                        "worker_root": {
                                            "total": 71.1413097999999,
                                            "count": 3403,
                                            "is_parallel": true,
                                            "self": 19.045473699999718,
                                            "children": {
                                                "steps_from_proto": {
                                                    "total": 0.0010910999999991233,
                                                    "count": 2,
                                                    "is_parallel": true,
                                                    "self": 0.00026639999999833464,
                                                    "children": {
                                                        "_process_rank_one_or_two_observation": {
                                                            "total": 0.0008247000000007887,
                                                            "count": 12,
                                                            "is_parallel": true,
                                                            "self": 0.0008247000000007887
                                                        }
                                                    }
                                                },
                                                "UnityEnvironment.step": {
                                                    "total": 52.09474500000019,
                                                    "count": 3403,
                                                    "is_parallel": true,
                                                    "self": 0.2451632000001709,
                                                    "children": {
                                                        "UnityEnvironment._generate_step_input": {
                                                            "total": 0.9940912000001383,
                                                            "count": 3403,
                                                            "is_parallel": true,
                                                            "self": 0.9940912000001383
                                                        },