{"cameraMode":{"drawMode":0,"name":"Shaded","section":"Shading Mode"},"sceneLighting":false,"audioPlay":false,"sceneViewState":{"showFog":true,"showMaterialUpdate":false,"showSkybox":false,"showFlares":true,"showImageEffects":true,"showParticleSystems":true},"in2DMode":false,"pivot":{"x":-17.5,"y":0.9568548202514648,"z":-31.250003814697267},"rotation":{"x":-0.07467540353536606,"y":0.922213077545166,"z":-0.22598795592784882,"w":-0.3047948181629181},"size":9.912641525268555,"orthographic":true}