{"cameraMode":{"drawMode":0,"name":"Shaded","section":"Shading Mode"},"sceneLighting":false,"audioPlay":false,"sceneViewState":{"showFog":true,"showMaterialUpdate":false,"showSkybox":false,"showFlares":true,"showImageEffects":true,"showParticleSystems":true},"in2DMode":false,"pivot":{"x":-29.0153751373291,"y":-12.358179092407227,"z":1.4631328582763672},"rotation":{"x":-0.2416735589504242,"y":0.5349122285842896,"z":-0.16302648186683656,"w":-0.793046772480011},"size":49.92543411254883,"orthographic":false}