{"cameraMode":{"drawMode":0,"name":"Shaded","section":"Shading Mode"},"sceneLighting":false,"audioPlay":false,"sceneViewState":{"showFog":true,"showMaterialUpdate":false,"showSkybox":false,"showFlares":true,"showImageEffects":true,"showParticleSystems":true},"in2DMode":false,"pivot":{"x":-37.5,"y":7.330158233642578,"z":6.2502288818359379},"rotation":{"x":-0.03033776581287384,"y":-0.668482780456543,"z":0.027279386296868326,"w":-0.7426266670227051},"size":11.886859893798829,"orthographic":true}