{"cameraMode":{"drawMode":0,"name":"Shaded","section":"Shading Mode"},"sceneLighting":false,"audioPlay":false,"sceneViewState":{"showFog":true,"showMaterialUpdate":false,"showSkybox":false,"showFlares":true,"showImageEffects":true,"showParticleSystems":true},"in2DMode":false,"pivot":{"x":8.243476867675782,"y":32.750946044921878,"z":-16.623889923095704},"rotation":{"x":-0.6905651688575745,"y":-0.008034114725887776,"z":0.007641136180609465,"w":-0.7232130765914917},"size":3.298283338546753,"orthographic":false}