{"cameraMode":{"drawMode":0,"name":"Shaded","section":"Shading Mode"},"sceneLighting":false,"audioPlay":false,"sceneViewState":{"showFog":true,"showMaterialUpdate":false,"showSkybox":false,"showFlares":true,"showImageEffects":true,"showParticleSystems":true},"in2DMode":false,"pivot":{"x":-2.499998092651367,"y":-1.1874998807907105,"z":2.4999990463256838},"rotation":{"x":-0.009692859835922718,"y":0.9784983396530151,"z":-0.04730900004506111,"w":-0.20059235394001008},"size":3.7712953090667726,"orthographic":true}