{"cameraMode":{"drawMode":0,"name":"Shaded","section":"Shading Mode"},"sceneLighting":false,"audioPlay":false,"sceneViewState":{"showFog":true,"showMaterialUpdate":false,"showSkybox":false,"showFlares":true,"showImageEffects":true,"showParticleSystems":true},"in2DMode":false,"pivot":{"x":-77.5,"y":26.73763656616211,"z":6.249269485473633},"rotation":{"x":-0.05410885810852051,"y":0.7069328427314758,"z":-0.05441092327237129,"w":-0.7031264901161194},"size":23.262596130371095,"orthographic":true}