{"cameraMode":{"drawMode":0,"name":"Shaded","section":"Shading Mode"},"sceneLighting":false,"audioPlay":false,"sceneViewState":{"showFog":true,"showMaterialUpdate":false,"showSkybox":false,"showFlares":true,"showImageEffects":true,"showParticleSystems":true},"in2DMode":false,"pivot":{"x":5.0,"y":-1.187500238418579,"z":-4.999999046325684},"rotation":{"x":-0.009692859835922718,"y":0.9784983396530151,"z":-0.04730900004506111,"w":-0.20059235394001008},"size":7.191847324371338,"orthographic":true}