{"cameraMode":{"drawMode":0,"name":"Shaded","section":"Shading Mode"},"sceneLighting":false,"audioPlay":false,"sceneViewState":{"showFog":true,"showMaterialUpdate":false,"showSkybox":false,"showFlares":true,"showImageEffects":true,"showParticleSystems":true},"in2DMode":false,"pivot":{"x":6.249995708465576,"y":3.124999761581421,"z":-2.500004291534424},"rotation":{"x":0.10938000679016113,"y":-0.5400359034538269,"z":0.07106855511665344,"w":0.8315021991729736},"size":7.421463489532471,"orthographic":true}