{"cameraMode":{"drawMode":0,"name":"Shaded","section":"Shading Mode"},"sceneLighting":false,"audioPlay":false,"sceneViewState":{"showFog":true,"showMaterialUpdate":false,"showSkybox":false,"showFlares":true,"showImageEffects":true,"showParticleSystems":true},"in2DMode":false,"pivot":{"x":-7.500000476837158,"y":7.612077713012695,"z":2.5024070739746095},"rotation":{"x":0.1808547079563141,"y":0.7612462043762207,"z":-0.23950549960136414,"w":0.5748745203018189},"size":20.408124923706056,"orthographic":true}