{"cameraMode":{"drawMode":0,"name":"Shaded","section":"Shading Mode"},"sceneLighting":false,"audioPlay":false,"sceneViewState":{"showFog":true,"showMaterialUpdate":false,"showSkybox":false,"showFlares":true,"showImageEffects":true,"showParticleSystems":true},"in2DMode":false,"pivot":{"x":-2.5,"y":-1.1874998807907105,"z":-1.2500008344650269},"rotation":{"x":-0.36452630162239077,"y":-0.05527295172214508,"z":0.021667897701263429,"w":-0.929314136505127},"size":3.087904930114746,"orthographic":true}