{"cameraMode":{"drawMode":0,"name":"Shaded","section":"Shading Mode"},"sceneLighting":false,"audioPlay":false,"sceneViewState":{"showFog":true,"showMaterialUpdate":false,"showSkybox":false,"showFlares":true,"showImageEffects":true,"showParticleSystems":true},"in2DMode":false,"pivot":{"x":-7.888063907623291,"y":-6.412692070007324,"z":-76.09783935546875},"rotation":{"x":-0.048035185784101489,"y":0.9458752274513245,"z":-0.16510726511478425,"w":-0.27527156472206118},"size":32.17024612426758,"orthographic":true}