{"cameraMode":{"drawMode":0,"name":"Shaded","section":"Shading Mode"},"sceneLighting":false,"audioPlay":false,"sceneViewState":{"showFog":true,"showMaterialUpdate":false,"showSkybox":false,"showFlares":true,"showImageEffects":true,"showParticleSystems":true},"in2DMode":false,"pivot":{"x":16.249998092651368,"y":5.24322509765625,"z":-16.25},"rotation":{"x":-0.009692859835922718,"y":0.9784983396530151,"z":-0.04730900004506111,"w":-0.20059235394001008},"size":8.172181129455567,"orthographic":true}