{"cameraMode":{"drawMode":0,"name":"Shaded","section":"Shading Mode"},"sceneLighting":false,"audioPlay":false,"sceneViewState":{"showFog":true,"showMaterialUpdate":false,"showSkybox":false,"showFlares":true,"showImageEffects":true,"showParticleSystems":true},"in2DMode":false,"pivot":{"x":16.25,"y":3.1249992847442629,"z":-16.2499942779541},"rotation":{"x":0.010755741037428379,"y":-0.9637101888656616,"z":0.03935638815164566,"w":0.2639065086841583},"size":23.19247055053711,"orthographic":true}