{"cameraMode":{"drawMode":0,"name":"Shaded","section":"Shading Mode"},"sceneLighting":false,"audioPlay":false,"sceneViewState":{"showFog":true,"showMaterialUpdate":false,"showSkybox":false,"showFlares":true,"showImageEffects":true,"showParticleSystems":true},"in2DMode":false,"pivot":{"x":6.249999523162842,"y":0.9288864135742188,"z":-6.249999523162842},"rotation":{"x":-0.07878655195236206,"y":0.8345484137535095,"z":-0.12384182214736939,"w":-0.5310425758361816},"size":9.480626106262207,"orthographic":true}