{"cameraMode":{"drawMode":0,"name":"Shaded","section":"Shading Mode"},"sceneLighting":false,"audioPlay":false,"sceneViewState":{"showFog":true,"showMaterialUpdate":false,"showSkybox":false,"showFlares":true,"showImageEffects":true,"showParticleSystems":true},"in2DMode":false,"pivot":{"x":-6.249999523162842,"y":0.06249925494194031,"z":-3.749999761581421},"rotation":{"x":-0.015517594292759896,"y":0.9080075621604919,"z":-0.4173223078250885,"w":-0.0337979756295681},"size":7.288958549499512,"orthographic":true}