{"cameraMode":{"drawMode":0,"name":"Shaded","section":"Shading Mode"},"sceneLighting":false,"audioPlay":false,"sceneViewState":{"showFog":true,"showMaterialUpdate":false,"showSkybox":false,"showFlares":true,"showImageEffects":true,"showParticleSystems":true},"in2DMode":false,"pivot":{"x":-14.999998092651368,"y":3.8125,"z":6.24999475479126},"rotation":{"x":0.10037711262702942,"y":-0.5106175541877747,"z":0.060197506099939349,"w":0.8518332242965698},"size":16.691247940063478,"orthographic":true}