{"cameraMode":{"drawMode":0,"name":"Shaded","section":"Shading Mode"},"sceneLighting":false,"audioPlay":false,"sceneViewState":{"showFog":true,"showMaterialUpdate":false,"showSkybox":false,"showFlares":true,"showImageEffects":true,"showParticleSystems":true},"in2DMode":false,"pivot":{"x":2.4999985694885256,"y":0.06249989569187164,"z":-2.499999761581421},"rotation":{"x":-0.009692859835922718,"y":0.9784983396530151,"z":-0.04730900004506111,"w":-0.20059235394001008},"size":3.5360870361328127,"orthographic":true}