{"cameraMode":{"drawMode":0,"name":"Shaded","section":"Shading Mode"},"sceneLighting":false,"audioPlay":false,"sceneViewState":{"showFog":true,"showMaterialUpdate":false,"showSkybox":false,"showFlares":true,"showImageEffects":true,"showParticleSystems":true},"in2DMode":false,"pivot":{"x":-6.249999523162842,"y":7.1875,"z":-3.7499985694885256},"rotation":{"x":-0.04506032541394234,"y":0.9388989806175232,"z":-0.13500571250915528,"w":-0.31343501806259158},"size":7.34873628616333,"orthographic":true}