{"cameraMode":{"drawMode":0,"name":"Shaded","section":"Shading Mode"},"sceneLighting":false,"audioPlay":false,"sceneViewState":{"showFog":true,"showMaterialUpdate":false,"showSkybox":false,"showFlares":true,"showImageEffects":true,"showParticleSystems":true},"in2DMode":false,"pivot":{"x":21.25000762939453,"y":5.243223667144775,"z":-21.2499942779541},"rotation":{"x":-0.009692859835922718,"y":0.9784983396530151,"z":-0.04730900004506111,"w":-0.20059235394001008},"size":30.799291610717775,"orthographic":true}