{"cameraMode":{"drawMode":0,"name":"Shaded","section":"Shading Mode"},"sceneLighting":false,"audioPlay":false,"sceneViewState":{"showFog":true,"showMaterialUpdate":false,"showSkybox":false,"showFlares":true,"showImageEffects":true,"showParticleSystems":true},"in2DMode":false,"pivot":{"x":11.055778503417969,"y":-1.2724609375,"z":-10.76432991027832},"rotation":{"x":0.5406951308250427,"y":0.45498138666152956,"z":-0.4517582058906555,"w":0.5446155667304993},"size":10.876969337463379,"orthographic":true}