{"cameraMode":{"drawMode":0,"name":"Shaded","section":"Shading Mode"},"sceneLighting":true,"audioPlay":false,"sceneViewState":{"showFog":true,"showMaterialUpdate":false,"showSkybox":true,"showFlares":true,"showImageEffects":true,"showParticleSystems":true},"in2DMode":false,"pivot":{"x":31.624866485595704,"y":-92.3078384399414,"z":15.002790451049805},"rotation":{"x":0.32437795400619509,"y":0.48749518394470217,"z":-0.2015131562948227,"w":0.7852423787117004},"size":14.086021423339844,"orthographic":false}