{"cameraMode":{"drawMode":0,"name":"Shaded","section":"Shading Mode"},"sceneLighting":false,"audioPlay":false,"sceneViewState":{"showFog":true,"showMaterialUpdate":false,"showSkybox":false,"showFlares":true,"showImageEffects":true,"showParticleSystems":true},"in2DMode":false,"pivot":{"x":19.542095184326173,"y":-40.19145584106445,"z":-53.0228385925293},"rotation":{"x":-0.043027911335229877,"y":0.9415059089660645,"z":-0.30711275339126589,"w":-0.13190975785255433},"size":39.069923400878909,"orthographic":false}