{"cameraMode":{"drawMode":0,"name":"Shaded","section":"Shading Mode"},"sceneLighting":false,"audioPlay":false,"sceneViewState":{"showFog":true,"showMaterialUpdate":false,"showSkybox":false,"showFlares":true,"showImageEffects":true,"showParticleSystems":true},"in2DMode":false,"pivot":{"x":1.440596580505371,"y":0.5302467346191406,"z":-6.573314189910889},"rotation":{"x":-0.07821805030107498,"y":-0.8908241391181946,"z":0.16791146993637086,"w":-0.41492050886154177},"size":3.2483890056610109,"orthographic":false}