{"cameraMode":{"drawMode":0,"name":"Shaded","section":"Shading Mode"},"sceneLighting":false,"audioPlay":false,"sceneViewState":{"showFog":true,"showMaterialUpdate":false,"showSkybox":false,"showFlares":true,"showImageEffects":true,"showParticleSystems":true},"in2DMode":false,"pivot":{"x":-0.33139702677726748,"y":10.189905166625977,"z":-0.2809864282608032},"rotation":{"x":0.16164803504943849,"y":-0.8273274302482605,"z":0.29900845885276797,"w":0.4472620487213135},"size":5.798084259033203,"orthographic":false}