{"cameraMode":{"drawMode":0,"name":"Shaded","section":"Shading Mode"},"sceneLighting":false,"audioPlay":false,"sceneViewState":{"showFog":true,"showMaterialUpdate":false,"showSkybox":false,"showFlares":true,"showImageEffects":true,"showParticleSystems":true},"in2DMode":false,"pivot":{"x":2.4999985694885256,"y":-1.1875,"z":-2.499999761581421},"rotation":{"x":-0.1653038114309311,"y":-0.49274808168411257,"z":0.09594137966632843,"w":-0.8489416241645813},"size":3.771294116973877,"orthographic":false}