{"cameraMode":{"drawMode":0,"name":"Shaded","section":"Shading Mode"},"sceneLighting":false,"audioPlay":false,"sceneViewState":{"showFog":true,"showMaterialUpdate":false,"showSkybox":false,"showFlares":true,"showImageEffects":true,"showParticleSystems":true},"in2DMode":false,"pivot":{"x":17.68141746520996,"y":-80.4046859741211,"z":10.138618469238282},"rotation":{"x":-0.642020583152771,"y":-0.14391928911209107,"z":0.12440767139196396,"w":-0.742712676525116},"size":1.6059989929199219,"orthographic":false}