{"cameraMode":{"drawMode":0,"name":"Shaded","section":"Shading Mode"},"sceneLighting":false,"audioPlay":false,"sceneViewState":{"showFog":true,"showMaterialUpdate":false,"showSkybox":false,"showFlares":true,"showImageEffects":true,"showParticleSystems":true},"in2DMode":false,"pivot":{"x":-0.00009822845458984375,"y":4.250000953674316,"z":-0.00009822845458984375},"rotation":{"x":-0.0060294927097857,"y":-0.9802519679069519,"z":0.19545187056064607,"w":-0.030294785276055337},"size":13.447271347045899,"orthographic":false}