{"cameraMode":{"drawMode":0,"name":"Shaded","section":"Shading Mode"},"sceneLighting":false,"audioPlay":false,"sceneViewState":{"showFog":true,"showMaterialUpdate":false,"showSkybox":false,"showFlares":true,"showImageEffects":true,"showParticleSystems":true},"in2DMode":false,"pivot":{"x":18.538312911987306,"y":4.651978015899658,"z":-16.287195205688478},"rotation":{"x":0.4275299310684204,"y":-0.43172693252563479,"z":0.2442321628332138,"w":0.7557782530784607},"size":11.112553596496582,"orthographic":false}