{"cameraMode":{"drawMode":0,"name":"Shaded","section":"Shading Mode"},"sceneLighting":false,"audioPlay":false,"sceneViewState":{"showFog":true,"showMaterialUpdate":false,"showSkybox":false,"showFlares":true,"showImageEffects":true,"showParticleSystems":true},"in2DMode":false,"pivot":{"x":2.8332037925720217,"y":3.35719633102417,"z":-1.0973930358886719},"rotation":{"x":0.13935481011867524,"y":-0.000003908454800694017,"z":0.000011071318112954032,"w":0.9902544617652893},"size":7.000362873077393,"orthographic":false}