{"cameraMode":{"drawMode":0,"name":"Shaded","section":"Shading Mode"},"sceneLighting":false,"audioPlay":false,"sceneViewState":{"showFog":true,"showMaterialUpdate":false,"showSkybox":false,"showFlares":true,"showImageEffects":true,"showParticleSystems":true},"in2DMode":false,"pivot":{"x":0.009999990463256836,"y":0.4999999701976776,"z":-15.0},"rotation":{"x":0.10889056324958801,"y":-0.6279035806655884,"z":0.08932431042194367,"w":0.7654433846473694},"size":16.39945411682129,"orthographic":false}