{"cameraMode":{"drawMode":0,"name":"Shaded","section":"Shading Mode"},"sceneLighting":false,"audioPlay":false,"sceneViewState":{"showFog":true,"showMaterialUpdate":false,"showSkybox":false,"showFlares":true,"showImageEffects":true,"showParticleSystems":true},"in2DMode":false,"pivot":{"x":6.649999618530273,"y":0.2499999701976776,"z":-13.349998474121094},"rotation":{"x":0.23554275929927827,"y":-0.6320381760597229,"z":0.2103702425956726,"w":0.7076684236526489},"size":18.881406784057618,"orthographic":false}